"date","sp_det","sp_pred_15","sp_pred_30","sp_pred_45","sp_pred_60","sp_pred_75","sp_pred_90","sp_pred_105","sp_pred_120"
"2017-11-13 00:00",68.6971428571,65,65,65,65,65,65,65,65
"2017-11-13 00:01",68.756,65,65,65,65,65,65,65,65
"2017-11-13 00:02",68.8086666667,65,65,65,65,65,65,65,65
"2017-11-13 00:03",68.8246666667,65,65,65,65,65,65,65,65
"2017-11-13 00:04",68.8406666667,65,65,65,65,65,65,65,65
"2017-11-13 00:05",68.8346666667,65,65,65,65,65,65,65,65
"2017-11-13 00:06",68.8193333333,65,65,65,65,65,65,65,65
"2017-11-13 00:07",68.824,65,65,65,65,65,65,65,65
"2017-11-13 00:08",68.8426666667,65,65,65,65,65,65,65,65
"2017-11-13 00:09",68.834,65,65,65,65,65,65,65,65
"2017-11-13 00:10",68.7786666667,65,65,65,65,65,65,65,65
"2017-11-13 00:11",68.7166666667,65,65,65,65,65,65,65,65
"2017-11-13 00:12",68.6293333333,65,65,65,65,65,65,65,65
"2017-11-13 00:13",68.4973333333,65,65,65,65,65,65,65,65
"2017-11-13 00:14",68.376,65,65,65,65,65,65,65,65
"2017-11-13 00:15",68.3033333333,65,65,65,65,65,65,65,65
"2017-11-13 00:16",68.2953333333,65,65,65,65,65,65,65,65
"2017-11-13 00:17",68.2693333333,65,65,65,65,65,65,65,65
"2017-11-13 00:18",68.3386666667,65,65,65,65,65,65,65,65
"2017-11-13 00:19",68.3273333333,65,65,65,65,65,65,65,65
"2017-11-13 00:20",68.3293333333,65,65,65,65,65,65,65,65
"2017-11-13 00:21",68.2646666667,65,65,65,65,65,65,65,65
"2017-11-13 00:22",68.1753333333,65,65,65,65,65,65,65,65
"2017-11-13 00:23",68.0826666667,65,65,65,65,65,65,65,65
"2017-11-13 00:24",67.966,65,65,65,65,65,65,65,65
"2017-11-13 00:25",67.8513333333,65,65,65,65,65,65,65,65
"2017-11-13 00:26",67.788,65,65,65,65,65,65,65,65
"2017-11-13 00:27",67.75,65,65,65,65,65,65,65,65
"2017-11-13 00:28",67.6633333333,65,65,65,65,65,65,65,65
"2017-11-13 00:29",67.578,65,65,65,65,65,65,65,65
"2017-11-13 00:30",67.5053333333,65,65,65,65,65,65,65,65
"2017-11-13 00:31",67.4193333333,65,65,65,65,65,65,65,65
"2017-11-13 00:32",67.338,65,65,65,65,65,65,65,65
"2017-11-13 00:33",67.1253333333,65,65,65,65,65,65,65,65
"2017-11-13 00:34",66.9786666667,65,65,65,65,65,65,65,65
"2017-11-13 00:35",66.7673333333,65,65,65,65,65,65,65,65
"2017-11-13 00:36",66.6886666667,65,65,65,65,65,65,65,65
"2017-11-13 00:37",66.716,65,65,65,65,65,65,65,65
"2017-11-13 00:38",66.8266666667,65,65,65,65,65,65,65,65
"2017-11-13 00:39",66.9633333333,65,65,65,65,65,65,65,65
"2017-11-13 00:40",67.082,65,65,65,65,65,65,65,65
"2017-11-13 00:41",67.0833333333,65,65,65,65,65,65,65,65
"2017-11-13 00:42",67.0846666667,65,65,65,65,65,65,65,65
"2017-11-13 00:43",67.168,65,65,65,65,65,65,65,65
"2017-11-13 00:44",67.264,65,65,65,65,65,65,65,65
"2017-11-13 00:45",67.3186666667,65,65,65,65,65,65,65,65
"2017-11-13 00:46",67.3273333333,65,65,65,65,65,65,65,65
"2017-11-13 00:47",67.2993333333,65,65,65,65,65,65,65,65
"2017-11-13 00:48",67.212,65,65,65,65,65,65,65,65
"2017-11-13 00:49",67.118,65,65,65,65,65,65,65,65
"2017-11-13 00:50",67.1333333333,65,65,65,65,65,65,65,65
"2017-11-13 00:51",67.0733333333,65,65,65,65,65,65,65,65
"2017-11-13 00:52",66.9753333333,65,65,65,65,65,65,65,65
"2017-11-13 00:53",66.758,65,65,65,65,65,65,65,65
"2017-11-13 00:54",66.5326666667,65,65,65,65,65,65,65,65
"2017-11-13 00:55",66.3686666667,65,65,65,65,65,65,65,65
"2017-11-13 00:56",66.292,65,65,65,65,65,65,65,65
"2017-11-13 00:57",66.2226666667,65,65,65,65,65,65,65,65
"2017-11-13 00:58",66.1378571429,65,65,65,65,65,65,65,65
"2017-11-13 00:59",66.0713333333,65,65,65,65,65,65,65,65
"2017-11-13 01:00",65.9457142857,65,65,65,65,65,65,65,65
"2017-11-13 01:01",65.8692857143,65,65,65,65,65,65,65,65
"2017-11-13 01:02",65.774,65,65,65,65,65,65,65,65
"2017-11-13 01:03",65.7113333333,65,65,65,65,65,65,65,65
"2017-11-13 01:04",65.726,65,65,65,65,65,65,65,65
"2017-11-13 01:05",65.7093333333,65,65,65,65,65,65,65,65
"2017-11-13 01:06",65.7233333333,65,65,65,65,65,65,65,65
"2017-11-13 01:07",65.7293333333,65,65,65,65,65,65,65,65
"2017-11-13 01:08",65.7713333333,65,65,65,65,65,65,65,65
"2017-11-13 01:09",65.8486666667,65,65,65,65,65,65,65,65
"2017-11-13 01:10",65.896,65,65,65,65,65,65,65,65
"2017-11-13 01:11",65.9066666667,65,65,65,65,65,65,65,65
"2017-11-13 01:12",65.9166666667,65,65,65,65,65,65,65,65
"2017-11-13 01:13",65.9073333333,65,65,65,65,65,65,65,65
"2017-11-13 01:14",65.8853333333,65,65,65,65,65,65,65,65
"2017-11-13 01:15",65.8786666667,65,65,65,65,65,65,65,65
"2017-11-13 01:16",65.9046666667,65,65,65,65,65,65,65,65
"2017-11-13 01:17",65.9173333333,65,65,65,65,65,65,65,65
"2017-11-13 01:18",66.0233333333,65,65,65,65,65,65,65,65
"2017-11-13 01:19",66.0493333333,65,65,65,65,65,65,65,65
"2017-11-13 01:20",66.1406666667,65,65,65,65,65,65,65,65
"2017-11-13 01:21",66.228,65,65,65,65,65,65,65,65
"2017-11-13 01:22",66.234,65,65,65,65,65,65,65,65
"2017-11-13 01:23",66.2073333333,65,65,65,65,65,65,65,65
"2017-11-13 01:24",66.1073333333,65,65,65,65,65,65,65,65
"2017-11-13 01:25",65.9913333333,65,65,65,65,65,65,65,65
"2017-11-13 01:26",65.8933333333,65,65,65,65,65,65,65,65
"2017-11-13 01:27",65.7886666667,65,65,65,65,65,65,65,65
"2017-11-13 01:28",65.69,65,65,65,65,65,65,65,65
"2017-11-13 01:29",65.628,65,65,65,65,65,65,65,65
"2017-11-13 01:30",65.63,65,65,65,65,65,65,65,65
"2017-11-13 01:31",65.6213333333,65,65,65,65,65,65,65,65
"2017-11-13 01:32",65.632,65,65,65,65,65,65,65,65
"2017-11-13 01:33",65.5893333333,65,65,65,65,65,65,65,65
"2017-11-13 01:34",65.5706666667,65,65,65,65,65,65,65,65
"2017-11-13 01:35",65.5433333333,65,65,65,65,65,65,65,65
"2017-11-13 01:36",65.5446666667,65,65,65,65,65,65,65,65
"2017-11-13 01:37",65.5846666667,65,65,65,65,65,65,65,65
"2017-11-13 01:38",65.6533333333,65,65,65,65,65,65,65,65
"2017-11-13 01:39",65.76,65,65,65,65,65,65,65,65
"2017-11-13 01:40",65.852,65,65,65,65,65,65,65,65
"2017-11-13 01:41",65.944,65,65,65,65,65,65,65,65
"2017-11-13 01:42",66.0133333333,65,65,65,65,65,65,65,65
"2017-11-13 01:43",66.0766666667,65,65,65,65,65,65,65,65
"2017-11-13 01:44",66.1326666667,65,65,65,65,65,65,65,65
"2017-11-13 01:45",66.2213333333,65,65,65,65,65,65,65,65
"2017-11-13 01:46",66.2913333333,65,65,65,65,65,65,65,65
"2017-11-13 01:47",66.3373333333,65,65,65,65,65,65,65,65
"2017-11-13 01:48",66.4133333333,65,65,65,65,65,65,65,65
"2017-11-13 01:49",66.4893333333,65,65,65,65,65,65,65,65
"2017-11-13 01:50",66.5413333333,65,65,65,65,65,65,65,65
"2017-11-13 01:51",66.5686666667,65,65,65,65,65,65,65,65
"2017-11-13 01:52",66.608,65,65,65,65,65,65,65,65
"2017-11-13 01:53",66.6513333333,65,65,65,65,65,65,65,65
"2017-11-13 01:54",66.6946666667,65,65,65,65,65,65,65,65
"2017-11-13 01:55",66.7686666667,65,65,65,65,65,65,65,65
"2017-11-13 01:56",66.8366666667,65,65,65,65,65,65,65,65
"2017-11-13 01:57",66.9273333333,65,65,65,65,65,65,65,65
"2017-11-13 01:58",67.018,65,65,65,65,65,65,65,65
"2017-11-13 01:59",67.0946666667,65,65,65,65,65,65,65,65
"2017-11-13 02:00",67.0666666667,65,65,65,65,65,65,65,65
"2017-11-13 02:01",67.0657142857,65,65,65,65,65,65,65,65
"2017-11-13 02:02",67.0953333333,65,65,65,65,65,65,65,65
"2017-11-13 02:03",67.1573333333,65,65,65,65,65,65,65,65
"2017-11-13 02:04",67.2186666667,65,65,65,65,65,65,65,65
"2017-11-13 02:05",67.2473333333,65,65,65,65,65,65,65,65
"2017-11-13 02:06",67.242,65,65,65,65,65,65,65,65
"2017-11-13 02:07",67.2193333333,65,65,65,65,65,65,65,65
"2017-11-13 02:08",67.1473333333,65,65,65,65,65,65,65,65
"2017-11-13 02:09",67.102,65,65,65,65,65,65,65,65
"2017-11-13 02:10",67.0626666667,65,65,65,65,65,65,65,65
"2017-11-13 02:11",67.0293333333,65,65,65,65,65,65,65,65
"2017-11-13 02:12",67.006,65,65,65,65,65,65,65,65
"2017-11-13 02:13",66.9826666667,65,65,65,65,65,65,65,65
"2017-11-13 02:14",66.938,65,65,65,65,65,65,65,65
"2017-11-13 02:15",66.9264285714,65,65,65,65,65,65,65,65
"2017-11-13 02:16",66.8878571429,65,65,65,65,65,65,65,65
"2017-11-13 02:17",66.8935714286,65,65,65,65,65,65,65,65
"2017-11-13 02:18",66.8828571429,65,65,65,65,65,65,65,65
"2017-11-13 02:19",66.88,65,65,65,65,65,65,65,65
"2017-11-13 02:20",66.8178571429,65,65,65,65,65,65,65,65
"2017-11-13 02:21",66.7921428571,65,65,65,65,65,65,65,65
"2017-11-13 02:22",66.7585714286,65,65,65,65,65,65,65,65
"2017-11-13 02:23",66.7778571429,65,65,65,65,65,65,65,65
"2017-11-13 02:24",66.7778571429,65,65,65,65,65,65,65,65
"2017-11-13 02:25",66.7607142857,65,65,65,65,65,65,65,65
"2017-11-13 02:26",66.7778571429,65,65,65,65,65,65,65,65
"2017-11-13 02:27",66.7842857143,65,65,65,65,65,65,65,65
"2017-11-13 02:28",66.7114285714,65,65,65,65,65,65,65,65
"2017-11-13 02:29",66.6242857143,65,65,65,65,65,65,65,65
"2017-11-13 02:30",66.5406666667,65,65,65,65,65,65,65,65
"2017-11-13 02:31",66.4306666667,65,65,65,65,65,65,65,65
"2017-11-13 02:32",66.256,65,65,65,65,65,65,65,65
"2017-11-13 02:33",66.1,65,65,65,65,65,65,65,65
"2017-11-13 02:34",65.9566666667,65,65,65,65,65,65,65,65
"2017-11-13 02:35",65.8686666667,65,65,65,65,65,65,65,65
"2017-11-13 02:36",65.8913333333,65,65,65,65,65,65,65,65
"2017-11-13 02:37",65.866,65,65,65,65,65,65,65,65
"2017-11-13 02:38",65.8633333333,65,65,65,65,65,65,65,65
"2017-11-13 02:39",65.852,65,65,65,65,65,65,65,65
"2017-11-13 02:40",65.8886666667,65,65,65,65,65,65,65,65
"2017-11-13 02:41",65.8806666667,65,65,65,65,65,65,65,65
"2017-11-13 02:42",65.8473333333,65,65,65,65,65,65,65,65
"2017-11-13 02:43",65.8826666667,65,65,65,65,65,65,65,65
"2017-11-13 02:44",65.9533333333,65,65,65,65,65,65,65,65
"2017-11-13 02:45",66.0026666667,65,65,65,65,65,65,65,65
"2017-11-13 02:46",66.0786666667,65,65,65,65,65,65,65,65
"2017-11-13 02:47",66.198,65,65,65,65,65,65,65,65
"2017-11-13 02:48",66.2806666667,65,65,65,65,65,65,65,65
"2017-11-13 02:49",66.338,65,65,65,65,65,65,65,65
"2017-11-13 02:50",66.4153333333,65,65,65,65,65,65,65,65
"2017-11-13 02:51",66.3606666667,65,65,65,65,65,65,65,65
"2017-11-13 02:52",66.3486666667,65,65,65,65,65,65,65,65
"2017-11-13 02:53",66.2926666667,65,65,65,65,65,65,65,65
"2017-11-13 02:54",66.22,65,65,65,65,65,65,65,65
"2017-11-13 02:55",66.1093333333,65,65,65,65,65,65,65,65
"2017-11-13 02:56",66.006,65,65,65,65,65,65,65,65
"2017-11-13 02:57",65.9666666667,65,65,65,65,65,65,65,65
"2017-11-13 02:58",65.9613333333,65,65,65,65,65,65,65,65
"2017-11-13 02:59",65.9446666667,65,65,65,65,65,65,65,65
"2017-11-13 03:00",65.9466666667,65,65,65,65,65,65,65,65
"2017-11-13 03:01",65.9486666667,65,65,65,65,65,65,65,65
"2017-11-13 03:02",65.9273333333,65,65,65,65,65,65,65,65
"2017-11-13 03:03",65.8926666667,65,65,65,65,65,65,65,65
"2017-11-13 03:04",65.864,65,65,65,65,65,65,65,65
"2017-11-13 03:05",65.824,65,65,65,65,65,65,65,65
"2017-11-13 03:06",65.7646666667,65,65,65,65,65,65,65,65
"2017-11-13 03:07",65.7286666667,65,65,65,65,65,65,65,65
"2017-11-13 03:08",65.6766666667,65,65,65,65,65,65,65,65
"2017-11-13 03:09",65.686,65,65,65,65,65,65,65,65
"2017-11-13 03:10",65.7026666667,65,65,65,65,65,65,65,65
"2017-11-13 03:11",65.6753333333,65,65,65,65,65,65,65,65
"2017-11-13 03:12",65.6093333333,65,65,65,65,65,65,65,65
"2017-11-13 03:13",65.5033333333,65,65,65,65,65,65,65,65
"2017-11-13 03:14",65.4213333333,65,65,65,65,65,65,65,65
"2017-11-13 03:15",65.372,65,65,65,65,65,65,65,65
"2017-11-13 03:16",65.334,65,65,65,65,65,65,65,65
"2017-11-13 03:17",65.35,65,65,65,65,65,65,65,65
"2017-11-13 03:18",65.4153333333,65,65,65,65,65,65,65,65
"2017-11-13 03:19",65.478,65,65,65,65,65,65,65,65
"2017-11-13 03:20",65.532,65,65,65,65,65,65,65,65
"2017-11-13 03:21",65.6186666667,65,65,65,65,65,65,65,65
"2017-11-13 03:22",65.6873333333,65,65,65,65,65,65,65,65
"2017-11-13 03:23",65.7933333333,65,65,65,65,65,65,65,65
"2017-11-13 03:24",65.8006666667,65,65,65,65,65,65,65,65
"2017-11-13 03:25",65.8006666667,65,65,65,65,65,65,65,65
"2017-11-13 03:26",65.8586666667,65,65,65,65,65,65,65,65
"2017-11-13 03:27",65.9333333333,65,65,65,65,65,65,65,65
"2017-11-13 03:28",65.9966666667,65,65,65,65,65,65,65,65
"2017-11-13 03:29",66.058,65,65,65,65,65,65,65,65
"2017-11-13 03:30",66.102,65,65,65,65,65,65,65,65
"2017-11-13 03:31",66.1346666667,65,65,65,65,65,65,65,65
"2017-11-13 03:32",66.094,65,65,65,65,65,65,65,65
"2017-11-13 03:33",66.0353333333,65,65,65,65,65,65,65,65
"2017-11-13 03:34",66,65,65,65,65,65,65,65,65
"2017-11-13 03:35",65.964,65,65,65,65,65,65,65,65
"2017-11-13 03:36",65.936,65,65,65,65,65,65,65,65
"2017-11-13 03:37",65.908,65,65,65,65,65,65,65,65
"2017-11-13 03:38",65.88,65,65,65,65,65,65,65,65
"2017-11-13 03:39",65.8506666667,65,65,65,65,65,65,65,65
"2017-11-13 03:40",65.8366666667,65,65,65,65,65,65,65,65
"2017-11-13 03:41",65.8353333333,65,65,65,65,65,65,65,65
"2017-11-13 03:42",65.8173333333,65,65,65,65,65,65,65,65
"2017-11-13 03:43",65.7813333333,65,65,65,65,65,65,65,65
"2017-11-13 03:44",65.7786666667,65,65,65,65,65,65,65,65
"2017-11-13 03:45",65.6966666667,65,65,65,65,65,65,65,65
"2017-11-13 03:46",65.6046666667,65,65,65,65,65,65,65,65
"2017-11-13 03:47",65.528,65,65,65,65,65,65,65,65
"2017-11-13 03:48",65.4513333333,65,65,65,65,65,65,65,65
"2017-11-13 03:49",65.3453333333,65,65,65,65,65,65,65,65
"2017-11-13 03:50",65.296,65,65,65,65,65,65,65,65
"2017-11-13 03:51",65.282,65,65,65,65,65,65,65,65
"2017-11-13 03:52",65.3046666667,65,65,65,65,65,65,65,65
"2017-11-13 03:53",65.3273333333,65,65,65,65,65,65,65,65
"2017-11-13 03:54",65.4053333333,65,65,65,65,65,65,65,65
"2017-11-13 03:55",65.524,65,65,65,65,65,65,65,65
"2017-11-13 03:56",65.6213333333,65,65,65,65,65,65,65,65
"2017-11-13 03:57",65.7526666667,65,65,65,65,65,65,65,65
"2017-11-13 03:58",65.8986666667,65,65,65,65,65,65,65,65
"2017-11-13 03:59",66.0313333333,65,65,65,65,65,65,65,65
"2017-11-13 04:00",66.236,65,65,65,65,65,65,65,65
"2017-11-13 04:01",66.41,65,65,65,65,65,65,65,65
"2017-11-13 04:02",66.5913333333,65,65,65,65,65,65,65,65
"2017-11-13 04:03",66.748,65,65,65,65,65,65,65,65
"2017-11-13 04:04",66.8993333333,65,65,65,65,65,65,65,65
"2017-11-13 04:05",67.026,65,65,65,65,65,65,65,65
"2017-11-13 04:06",67.0906666667,65,65,65,65,65,65,65,65
"2017-11-13 04:07",66.9693333333,65,65,65,65,65,65,65,65
"2017-11-13 04:08",66.8413333333,65,65,65,65,65,65,65,65
"2017-11-13 04:09",66.7133333333,65,65,65,65,65,65,65,65
"2017-11-13 04:10",66.524,65,65,65,65,65,65,65,65
"2017-11-13 04:11",66.3346666667,65,65,65,65,65,65,65,65
"2017-11-13 04:12",66.12,65,65,65,65,65,65,65,65
"2017-11-13 04:13",65.8813333333,65,65,65,65,65,65,65,65
"2017-11-13 04:14",65.612,65,65,65,65,65,65,65,65
"2017-11-13 04:15",65.4485714286,65,65,65,65,65,65,65,65
"2017-11-13 04:16",65.1686666667,65,65,65,65,65,65,65,65
"2017-11-13 04:17",65.0171428571,65,65,65,65,65,65,65,65
"2017-11-13 04:18",64.854,65,65,65,65,65,65,65,65
"2017-11-13 04:19",64.772,65,65,65,65,65,65,65,65
"2017-11-13 04:20",64.6,65,65,65,65,65,65,65,65
"2017-11-13 04:21",64.4878571429,65,65,65,65,65,65,65,65
"2017-11-13 04:22",64.4892857143,65,65,65,65,65,65,65,65
"2017-11-13 04:23",64.4271428571,65,65,65,65,65,65,65,65
"2017-11-13 04:24",64.4492857143,65,65,65,65,65,65,65,65
"2017-11-13 04:25",64.5164285714,65,65,65,65,65,65,65,65
"2017-11-13 04:26",64.59,65,65,65,65,65,65,65,65
"2017-11-13 04:27",64.65,65,65,65,65,65,65,65,65
"2017-11-13 04:28",64.715,65,65,65,65,65,65,65,65
"2017-11-13 04:29",64.8586666667,65,65,65,65,65,65,65,65
"2017-11-13 04:30",64.9513333333,65,65,65,65,65,65,65,65
"2017-11-13 04:31",65,65,65,65,65,65,65,65,65
"2017-11-13 04:32",65.14,65,65,65,65,65,65,65,65
"2017-11-13 04:33",65.142,65,65,65,65,65,65,65,65
"2017-11-13 04:34",65.144,65,65,65,65,65,65,65,65
"2017-11-13 04:35",65.2706666667,65,65,65,65,65,65,65,65
"2017-11-13 04:36",65.422,65,65,65,65,65,65,65,65
"2017-11-13 04:37",65.6393333333,65,65,65,65,65,65,65,65
"2017-11-13 04:38",65.7886666667,65,65,65,65,65,65,65,65
"2017-11-13 04:39",65.894,65,65,65,65,65,65,65,65
"2017-11-13 04:40",66.0093333333,65,65,65,65,65,65,65,65
"2017-11-13 04:41",66.1413333333,65,65,65,65,65,65,65,65
"2017-11-13 04:42",66.3233333333,65,65,65,65,65,65,65,65
"2017-11-13 04:43",66.45,65,65,65,65,65,65,65,65
"2017-11-13 04:44",66.5946666667,65,65,65,65,65,65,65,65
"2017-11-13 04:45",66.776,65,65,65,65,65,65,65,65
"2017-11-13 04:46",66.8773333333,65,65,65,65,65,65,65,65
"2017-11-13 04:47",66.9986666667,65,65,65,65,65,65,65,65
"2017-11-13 04:48",67.092,65,65,65,65,65,65,65,65
"2017-11-13 04:49",67.22,65,65,65,65,65,65,65,65
"2017-11-13 04:50",67.228,65,65,65,65,65,65,65,65
"2017-11-13 04:51",67.254,65,65,65,65,65,65,65,65
"2017-11-13 04:52",67.326,65,65,65,65,65,65,65,65
"2017-11-13 04:53",67.38,65,65,65,65,65,65,65,65
"2017-11-13 04:54",67.5326666667,65,65,65,65,65,65,65,65
"2017-11-13 04:55",67.6333333333,65,65,65,65,65,65,65,65
"2017-11-13 04:56",67.7693333333,65,65,65,65,65,65,65,65
"2017-11-13 04:57",67.8226666667,65,65,65,65,65,65,65,65
"2017-11-13 04:58",67.8493333333,65,65,65,65,65,65,65,65
"2017-11-13 04:59",67.8893333333,65,65,65,65,65,65,65,65
"2017-11-13 05:00",67.8766666667,65,65,65,65,65,65,65,65
"2017-11-13 05:01",67.9233333333,65,65,65,65,65,65,65,65
"2017-11-13 05:02",67.9573333333,65,65,65,65,65,65,65,65
"2017-11-13 05:03",67.986,65,65,65,65,65,65,65,65
"2017-11-13 05:04",67.9513333333,65,65,65,65,65,65,65,65
"2017-11-13 05:05",67.9173333333,65,65,65,65,65,65,65,65
"2017-11-13 05:06",67.9086666667,65,65,65,65,65,65,65,65
"2017-11-13 05:07",67.822,65,65,65,65,65,65,65,65
"2017-11-13 05:08",67.7533333333,65,65,65,65,65,65,65,65
"2017-11-13 05:09",67.594,65,65,65,65,65,65,65,65
"2017-11-13 05:10",67.5333333333,65,65,65,65,65,65,65,65
"2017-11-13 05:11",67.4166666667,65,65,65,65,65,65,65,65
"2017-11-13 05:12",67.3173333333,65,65,65,65,65,65,65,65
"2017-11-13 05:13",67.1393333333,65,65,65,65,65,65,65,65
"2017-11-13 05:14",66.9813333333,65,65,65,65,65,65,65,65
"2017-11-13 05:15",66.8246666667,65,65,65,65,65,65,65,65
"2017-11-13 05:16",66.7286666667,65,65,65,65,65,65,65,65
"2017-11-13 05:17",66.694,65,65,65,65,65,65,65,65
"2017-11-13 05:18",66.6653333333,65,65,65,65,65,65,65,65
"2017-11-13 05:19",66.758,65,65,65,65,65,65,65,65
"2017-11-13 05:20",66.8926666667,65,65,65,65,65,65,65,65
"2017-11-13 05:21",67.0553333333,65,65,65,65,65,65,65,65
"2017-11-13 05:22",67.2613333333,65,65,65,65,65,65,65,65
"2017-11-13 05:23",67.4866666667,65,65,65,65,65,65,65,65
"2017-11-13 05:24",67.6086666667,65,65,65,65,65,65,65,65
"2017-11-13 05:25",67.7233333333,65,65,65,65,65,65,65,65
"2017-11-13 05:26",67.8493333333,65,65,65,65,65,65,65,65
"2017-11-13 05:27",68.0393333333,65,65,65,65,65,65,65,65
"2017-11-13 05:28",68.2571428571,65,65,65,65,65,65,65,65
"2017-11-13 05:29",68.616,65,65,65,65,65,65,65,65
"2017-11-13 05:30",68.8833333333,65,65,65,65,65,65,65,65
"2017-11-13 05:31",69.1246666667,65,65,65,65,65,65,65,65
"2017-11-13 05:32",69.33,65,65,65,65,65,65,65,65
"2017-11-13 05:33",69.5126666667,65,65,65,65,65,65,65,65
"2017-11-13 05:34",69.6506666667,65,65,65,65,65,65,65,65
"2017-11-13 05:35",69.734,65,65,65,65,65,65,65,65
"2017-11-13 05:36",69.8526666667,65,65,65,65,65,65,65,65
"2017-11-13 05:37",69.9646666667,65,65,65,65,65,65,65,65
"2017-11-13 05:38",70.022,65,65,65,65,65,65,65,65
"2017-11-13 05:39",70.2446666667,65,65,65,65,65,65,65,65
"2017-11-13 05:40",70.4066666667,65,65,65,65,65,65,65,65
"2017-11-13 05:41",70.506,65,65,65,65,65,65,65,65
"2017-11-13 05:42",70.6613333333,65,65,65,65,65,65,65,65
"2017-11-13 05:43",70.7313333333,65,65,65,65,65,65,65,65
"2017-11-13 05:44",70.8633333333,65,65,65,65,65,65,65,65
"2017-11-13 05:45",70.964,65,65,65,65,65,65,65,65
"2017-11-13 05:46",70.9906666667,65,65,65,65,65,65,65,65
"2017-11-13 05:47",71.0073333333,65,65,65,65,65,65,65,65
"2017-11-13 05:48",71.0846666667,65,65,65,65,65,65,65,65
"2017-11-13 05:49",71.2046666667,65,65,65,65,65,65,65,65
"2017-11-13 05:50",71.266,65,65,65,65,65,65,65,65
"2017-11-13 05:51",71.216,65,64.8,65,65,65,65,65,65
"2017-11-13 05:52",71.156,65,65,65,65,65,65,65,65
"2017-11-13 05:53",71.1166666667,65,65,65,65,65,65,65,65
"2017-11-13 05:54",71.0266666667,65,65,65,65,65,65,65,65
"2017-11-13 05:55",70.952,65,65,65,65,65,65,65,65
"2017-11-13 05:56",70.908,65,65,65,65,65,65,65,65
"2017-11-13 05:57",70.8726666667,65,65,65,65,65,65,65,65
"2017-11-13 05:58",70.9106666667,65,65,65,65,65,65,65,65
"2017-11-13 05:59",70.8226666667,65,65,65,65,65,65,65,65
"2017-11-13 06:00",70.7913333333,65,65,65,65,65,65,65,65
"2017-11-13 06:01",70.7453333333,65,65,65,65,65,65,65,65
"2017-11-13 06:02",70.72,65,65,65,65,65,65,65,65
"2017-11-13 06:03",70.6866666667,65,65,65,65,65,65,65,65
"2017-11-13 06:04",70.6046666667,65,65,65,65,65,65,65,65
"2017-11-13 06:05",70.6253333333,65,65,65,65,65,65,65,65
"2017-11-13 06:06",70.5833333333,65,65,65,65,65,65,65,65
"2017-11-13 06:07",70.642,65,65,65,65,65,65,65,65
"2017-11-13 06:08",70.77,65,65,65,65,65,65,65,65
"2017-11-13 06:09",70.872,65,65,65,65,65,65,65,65
"2017-11-13 06:10",70.9893333333,65,65,65,65,65,65,65,65
"2017-11-13 06:11",71.0446666667,65,65,65,65,65,65,65,65
"2017-11-13 06:12",70.966,65,65,65,65,65,65,65,65
"2017-11-13 06:13",70.7886666667,65,65,65,65,65,65,65,65
"2017-11-13 06:14",70.658,65,65,65,65,65,65,65,65
"2017-11-13 06:15",70.5133333333,65,65,65,65,65,65,65,65
"2017-11-13 06:16",70.4266666667,65,65,65,65,65,65,65,65
"2017-11-13 06:17",70.3433333333,65,65,65,65,65,65,65,65
"2017-11-13 06:18",70.2933333333,65,65,65,65,65,65,65,65
"2017-11-13 06:19",70.2253333333,65,65,65,65,64.8,65,65,65
"2017-11-13 06:20",70.1473333333,64.8,65,65,65,65,65,64.39,65
"2017-11-13 06:21",70.1628571429,65,65,65,65,65,65,65,65
"2017-11-13 06:22",70.2126666667,65,65,65,65,65,65,65,64.59
"2017-11-13 06:23",70.2333333333,65,65,65,65,65,64.8,65,65
"2017-11-13 06:24",70.0978571429,65,65,64.2,65,65,65,65,64.8
"2017-11-13 06:25",70.0271428571,65,65,65,65,65,65,65,65
"2017-11-13 06:26",70.1726666667,65,64.8,64.8,65,65,64.2,65,64.19
"2017-11-13 06:27",70.2686666667,65,64.6,65,65,65,65,65,65
"2017-11-13 06:28",70.4426666667,65,63.99,65,65,65,65,65,65
"2017-11-13 06:29",70.6207142857,65,65,65,65,65,65,63.6,64.6
"2017-11-13 06:30",70.8726666667,64,65,64.8,63.79,64.8,63.6,63.79,65
"2017-11-13 06:31",71.0546666667,64.8,64.8,65,63.04,65,62.85,65,64.6
"2017-11-13 06:32",71.1806666667,65,65,64.39,65,65,65,65,65
"2017-11-13 06:33",71.2866666667,64.8,65,65,65,65,64.39,64.19,65
"2017-11-13 06:34",71.3546666667,65,65,65,64.8,64.39,64.39,64.8,65
"2017-11-13 06:35",71.3866666667,65,65,64.8,65,65,63.19,63.59,63.79
"2017-11-13 06:36",71.3193333333,64.19,63.99,64.19,65,65,65,65,63.19
"2017-11-13 06:37",71.3093333333,63.79,64.19,65,65,64.8,65,65,64.8
"2017-11-13 06:38",71.24,65,65,65,64.59,65,65,65,63.4
"2017-11-13 06:39",71.2626666667,65,65,64.8,64.4,65,64.8,63.79,64.8
"2017-11-13 06:40",71.2786666667,65,64.8,64.2,65,65,65,64.8,65
"2017-11-13 06:41",71.24,64.8,65,65,64.39,65,64.6,65,64.39
"2017-11-13 06:42",71.2306666667,65,65,65,65,64.59,64.59,65,63.58
"2017-11-13 06:43",71.1066666667,65,65,64.8,64.8,65,65,64.6,64.59
"2017-11-13 06:44",71.026,64.8,64.6,64.8,64.59,65,65,65,64.39
"2017-11-13 06:45",70.9653333333,64.19,65,63.84,65,65,65,64.39,62.83
"2017-11-13 06:46",70.9893333333,63.98,65,64.19,65,64.8,65,64.8,63.58
"2017-11-13 06:47",71.034,65,63.61,64.39,64.8,64.8,63.78,65,64.8
"2017-11-13 06:48",71.0353333333,63.43,64.8,64,64.8,64.59,63.02,65,64.6
"2017-11-13 06:49",71.0953333333,62.05,65,64.39,64.8,63.23,65,64.39,64.8
"2017-11-13 06:50",71.156,64.6,64.8,64.39,63.58,62.98,63.58,64.8,64.39
"2017-11-13 06:51",71.2733333333,64.19,65,65,64.6,65,61.71,63.79,63.79
"2017-11-13 06:52",71.302,65,64.19,64.8,64.59,64,64.59,63.79,64.59
"2017-11-13 06:53",71.34,63.61,64.39,62.11,61.05,65,65,62.78,65
"2017-11-13 06:54",71.3313333333,63.61,65,65,64.8,63.99,65,64.8,63.98
"2017-11-13 06:55",71.3866666667,64.59,63.99,64,63.22,65,64.19,63.38,62.77
"2017-11-13 06:56",71.4253333333,64.19,62.8,64.19,64.6,65,64.39,64,63.18
"2017-11-13 06:57",71.4433333333,64.39,62.79,64.39,64.59,63.79,63.58,62.2,63.99
"2017-11-13 06:58",71.5766666667,62.85,64.8,63.43,64.19,64.59,64.39,64.8,64.59
"2017-11-13 06:59",71.644,64.39,64,65,61.79,64.59,65,64.8,62.29
"2017-11-13 07:00",71.6906666667,65,63.23,64.8,59.64,64.8,64.39,63.99,64.39
"2017-11-13 07:01",71.6453333333,65,63.79,63.39,64.8,62.18,62.2,65,63.41
"2017-11-13 07:02",71.6333333333,65,63.8,64.19,64.02,64.8,65,64.8,64.8
"2017-11-13 07:03",71.624,65,63.98,64.8,64.39,64.59,64.39,63.59,65
"2017-11-13 07:04",71.624,64.39,65,65,65,64.39,65,62.79,65
"2017-11-13 07:05",71.6633333333,63.81,63.38,65,64.8,64.39,64.39,64.59,64.8
"2017-11-13 07:06",71.7093333333,64.8,63.81,63.38,63.78,65,64.2,65,63.21
"2017-11-13 07:07",71.7186666667,64.02,65,65,63.84,63.84,64.8,64.8,61.84
"2017-11-13 07:08",71.658,65,64.19,65,65,64.6,65,64.8,64.19
"2017-11-13 07:09",71.6566666667,64.8,64.59,64.59,62.8,64.8,64.19,64.8,64.8
"2017-11-13 07:10",71.5373333333,64.8,64.6,65,63.61,63.58,65,65,64.8
"2017-11-13 07:11",71.4693333333,65,65,63.79,61.01,64.59,62.86,63.04,64.39
"2017-11-13 07:12",71.4566666667,64.6,63.79,63.81,65,63.39,64.39,64.8,63.43
"2017-11-13 07:13",71.384,64.8,59.08,64.2,65,65,65,65,64.8
"2017-11-13 07:14",71.3393333333,65,63.58,64.39,64.59,64.02,65,65,65
"2017-11-13 07:15",71.276,64.8,63.79,65,61.57,65,64,64.39,63.21
"2017-11-13 07:16",71.1393333333,65,65,63.81,62.62,63.41,63.79,62.43,64.39
"2017-11-13 07:17",70.9953333333,61.82,64.6,64.59,63.38,64.59,63.99,63.8,65
"2017-11-13 07:18",70.9133333333,62.98,64.59,63.04,63.2,64.8,64.19,62.09,65
"2017-11-13 07:19",70.828,64.39,64.8,62.25,62.02,63.18,64.6,65,64.19
"2017-11-13 07:20",70.6726666667,61.82,61.78,63.58,64.19,62.77,62.61,65,64.19
"2017-11-13 07:21",70.45,64.8,62.85,64.19,63.58,64.8,62.61,63.38,61.92
"2017-11-13 07:22",70.3986666667,63.98,62.8,61.61,64.6,61.27,63.79,61.5,63.38
"2017-11-13 07:23",70.3313333333,62.24,64.19,64.8,63.59,63.18,62.99,64.8,64.39
"2017-11-13 07:24",70.2553333333,62.4,63,63.41,63.79,63.79,63.79,64.19,59.44
"2017-11-13 07:25",70.322,65,64.59,64.8,64.59,62.77,64.39,62.43,55.83
"2017-11-13 07:26",70.2466666667,63.19,63.79,65,63.38,62.22,57.18,62.99,61.03
"2017-11-13 07:27",70.0793333333,64.59,60.7,64.8,54.84,63.78,60.79,62.98,50.85
"2017-11-13 07:28",70.0486666667,65,62.41,63.99,61.01,58.92,63.02,62.61,61.22
"2017-11-13 07:29",70.0033333333,63.59,62.13,64.39,63,56.6,59.64,64.39,63.09
"2017-11-13 07:30",70.004,63.8,61.59,63.79,65,61.53,58.72,60.31,62.72
"2017-11-13 07:31",70.052,59.95,56.2,63.8,64.6,57.48,63.78,63.78,59.38
"2017-11-13 07:32",70.092,57.7,63.2,63.38,63.98,60.66,61.83,61.01,60.23
"2017-11-13 07:33",70.104,63.99,53.57,63.99,60.64,63.99,61.39,63.58,61.28
"2017-11-13 07:34",70.1266666667,60.63,59.87,63.79,59.44,60.74,63.79,63.6,60.39
"2017-11-13 07:35",70.0946666667,62.43,65,61.8,62.2,61.39,65,62.84,61.23
"2017-11-13 07:36",70.1633333333,64.19,64.19,63.03,57.96,61.86,65,61.82,64.39
"2017-11-13 07:37",70.1466666667,61.06,64.39,65,57.6,64.59,64.59,59.43,59.31
"2017-11-13 07:38",70.0626666667,52.07,63.41,64.8,61.64,60.72,63.59,57.14,63.98
"2017-11-13 07:39",69.9233333333,55.7,62.24,61.44,63.21,61.9,65,63.8,63.03
"2017-11-13 07:40",69.696,60.25,61.39,63.79,61.08,63.58,64.19,63.61,51.61
"2017-11-13 07:41",69.69,58.04,61.27,62.61,62.18,63.6,64.39,64.2,54.31
"2017-11-13 07:42",69.6966666667,64.39,58.72,60.28,62.2,61.88,63.63,62.98,64.39
"2017-11-13 07:43",69.646,64.19,57.51,60.01,59.37,61.14,61.77,62.8,62.59
"2017-11-13 07:44",69.5613333333,60.88,59.48,63.78,63.99,61.48,63.59,62.63,64.8
"2017-11-13 07:45",69.4313333333,63.58,59.27,65,61.94,65,62.22,63.79,63.61
"2017-11-13 07:46",69.2793333333,63.18,51.14,62.58,61.88,60.46,59.38,61.03,61.66
"2017-11-13 07:47",69.228,65,62.61,63.18,60.66,58.96,63.79,63.8,61.55
"2017-11-13 07:48",69.138,63.21,59.83,63.79,63.63,59,63.21,64.8,64.8
"2017-11-13 07:49",68.928,61.78,62.24,60.48,63.8,61.15,60.27,65,57.48
"2017-11-13 07:50",68.808,63.79,64.19,59.65,63.39,58.89,61.97,64.8,56.48
"2017-11-13 07:51",68.7153333333,64.8,62.97,54.06,63.99,61.41,60.99,64.39,54.2
"2017-11-13 07:52",68.6286666667,60.84,63.6,63.78,65,58.76,57.02,62.18,58.68
"2017-11-13 07:53",68.6686666667,64.6,60.65,61.77,64.39,51.29,60.42,61.46,55.86
"2017-11-13 07:54",68.7246666667,65,63.61,63.18,61.82,55.56,56.07,56.65,58.87
"2017-11-13 07:55",68.8206666667,62.09,61.44,63.05,57.58,57.83,52.64,53.77,62.48
"2017-11-13 07:56",68.686,60.72,58.42,63,56.21,56.17,54.54,63.98,62.19
"2017-11-13 07:57",68.712,62.66,55.27,61.68,63.18,59.54,54.13,63.98,57.81
"2017-11-13 07:58",68.754,63.8,63.43,64.59,60.35,52.56,61.62,60.72,58.12
"2017-11-13 07:59",68.8533333333,62.78,53.99,63.18,63.58,64.4,64.19,62.48,52.88
"2017-11-13 08:00",68.94,62.2,54.65,57.76,59.69,60.07,61.83,64.39,55.11
"2017-11-13 08:01",69.1093333333,64.39,55.51,56.51,63.58,57.52,59.19,60.36,62.99
"2017-11-13 08:02",69.1586666667,64.8,62.58,57.2,64.39,63.98,56.84,63.43,64.6
"2017-11-13 08:03",69.2113333333,63.84,60.42,49.81,63.79,62.8,58.96,62.02,65
"2017-11-13 08:04",69.2633333333,60.86,60.41,53.18,63.79,58.9,61.25,61.81,56.49
"2017-11-13 08:05",69.4173333333,59.74,61.98,53.17,63.79,59.7,58.92,63.06,45.26
"2017-11-13 08:06",69.524,60.41,60.92,50.74,60.18,64.39,57.95,61.78,59.79
"2017-11-13 08:07",69.5026666667,62.65,58.47,58.79,57.7,64.19,57.19,62.57,61.01
"2017-11-13 08:08",69.3573333333,64.8,51.59,60.56,57.94,61.61,55.1,62,60.5
"2017-11-13 08:09",69.314,63.39,61.02,63.01,60.62,62.97,58.73,61.84,55.1
"2017-11-13 08:10",69.1733333333,55.61,62.41,59.26,60.12,57.77,63.41,58.88,36.48
"2017-11-13 08:11",69.13,61.05,61.6,62.78,63.6,63.58,64.19,49.66,19.38
"2017-11-13 08:12",68.966,54.17,63.59,52.97,63.03,62.27,63.59,41.69,13.32
"2017-11-13 08:13",68.8506666667,63.99,61.99,55.22,63.79,58.88,64.19,64.8,10.35
"2017-11-13 08:14",68.716,64.19,52.51,62.84,63.79,59.53,65,63.79,11.05
"2017-11-13 08:15",68.6233333333,64.19,56.27,63.19,61.09,60.84,64.8,63.79,10.71
"2017-11-13 08:16",68.544,61.78,55.22,64,58.78,63.59,64.39,64.59,12.37
"2017-11-13 08:17",68.4566666667,60.13,62.39,60.26,63.39,62.97,62.25,63.81,23.98
"2017-11-13 08:18",68.394,64.39,63.59,64,57.13,60.56,60.96,65,65
"2017-11-13 08:19",68.4493333333,64,65,60.19,50.79,63.59,47.15,60.48,65
"2017-11-13 08:20",68.408,59.92,63.06,64.4,61.43,62.68,61,60.97,64.59
"2017-11-13 08:21",68.3606666667,59.45,59.37,63.79,61.58,64.19,59.3,62.66,64.8
"2017-11-13 08:22",68.3373333333,63.18,60.17,57.77,63.98,62.01,57.98,60.9,63.61
"2017-11-13 08:23",68.3406666667,50.43,63.59,58.09,57.82,60.62,51.72,57.64,64.8
"2017-11-13 08:24",68.328,61.62,62.8,60.68,59.17,62.58,58.1,60.57,65
"2017-11-13 08:25",68.4266666667,65,64.59,60.01,63.6,62.62,59.84,65,Inf
"2017-11-13 08:26",68.602,61.25,63.38,58.71,63.21,54.1,53.81,64.39,Inf
"2017-11-13 08:27",68.786,51.59,65,61.64,62.02,32.9,39.77,60.22,Inf
"2017-11-13 08:28",68.8966666667,37.78,63.17,57.41,64,60,48.64,62.3,Inf
"2017-11-13 08:29",69.032,53.15,60.92,60.86,62.99,60.36,62.85,64.39,Inf
"2017-11-13 08:30",69.136,62.86,62.4,58.99,64.19,62.8,63.58,61.41,Inf
"2017-11-13 08:31",69.1866666667,61.48,60.2,58.3,55.82,63.19,59.34,51.79,Inf
"2017-11-13 08:32",69.2673333333,59.88,61.03,61.79,59.92,61.4,45.03,61.57,Inf
"2017-11-13 08:33",69.358,57.78,63.58,62.79,58.63,64.39,50.2,63.98,Inf
"2017-11-13 08:34",69.3526666667,61.19,64.19,65,50.23,56.72,57.83,64.39,Inf
"2017-11-13 08:35",69.31,61.65,58.64,64.39,60.55,61.39,52.67,62.58,Inf
"2017-11-13 08:36",69.2213333333,63.58,58.3,62.2,63.99,58.17,58.06,61.44,Inf
"2017-11-13 08:37",69.1913333333,61.58,53.87,62.3,56.99,59.59,62.65,49.32,Inf
"2017-11-13 08:38",69.2066666667,60.85,56.48,58.9,56,63.59,59.64,59.92,Inf
"2017-11-13 08:39",69.1893333333,63.39,53.37,52.48,49.15,63.39,60.29,63.39,Inf
"2017-11-13 08:40",69.114,62.99,60.72,58.77,64.19,64.59,63.79,Inf,59.43
"2017-11-13 08:41",69.0353333333,61.59,52.68,59.74,62.42,61.12,63.25,Inf,55.39
"2017-11-13 08:42",68.946,60.21,64.6,63.38,60.42,61.84,61.62,Inf,55.25
"2017-11-13 08:43",68.924,59.24,63.4,62.19,60.08,52.47,62.58,Inf,62.03
"2017-11-13 08:44",68.8586666667,59.82,62.97,63.29,58.32,60.84,61.97,Inf,60.43
"2017-11-13 08:45",68.8606666667,61.42,59.02,63.18,60.85,57.54,64.19,Inf,62.18
"2017-11-13 08:46",68.802,59.76,62.16,63.38,64.59,64.39,63.79,Inf,62
"2017-11-13 08:47",68.7713333333,56.98,58.67,63.59,62.38,62.59,63.38,Inf,59.42
"2017-11-13 08:48",68.7513333333,62.6,65,59.44,62.04,64.39,63.59,Inf,63.39
"2017-11-13 08:49",68.78,65,64.39,55.38,60.06,57.61,50.41,Inf,63.78
"2017-11-13 08:50",68.768,65,61.8,63.18,60.11,63.39,58.36,Inf,64.8
"2017-11-13 08:51",68.8726666667,62.63,58.29,63.58,54.86,59.88,62.97,Inf,63.04
"2017-11-13 08:52",68.972,62.66,64.8,60.18,62.42,61.8,63.39,Inf,60.54
"2017-11-13 08:53",69.0726666667,63.23,62.24,59.41,58.61,62.37,59.81,Inf,57.44
"2017-11-13 08:54",69.1366666667,64.39,63.19,61.83,55.92,62.2,57.09,Inf,64.39
"2017-11-13 08:55",69.3086666667,64.39,64.39,42.8,63.58,60.29,Inf,62.44,53.57
"2017-11-13 08:56",69.3853333333,64.2,63.84,59.64,62.99,63,Inf,64.02,58.25
"2017-11-13 08:57",69.3666666667,64.59,61.38,64.8,62.83,62,Inf,62.8,63.58
"2017-11-13 08:58",69.2506666667,64.8,63.6,65,55.78,59.81,Inf,62.97,65
"2017-11-13 08:59",69.2293333333,63.79,64.8,62.82,60.9,59.67,Inf,63.58,62.84
"2017-11-13 09:00",69.2253333333,63.79,64.8,64.8,59.7,59.29,Inf,63.98,64.19
"2017-11-13 09:01",69.3566666667,53.11,65,62.38,57.17,61.45,Inf,62.6,64.39
"2017-11-13 09:02",69.3973333333,59.46,61.77,63.61,63.99,62.62,Inf,64.39,65
"2017-11-13 09:03",69.4033333333,60,64.2,63.59,65,64.8,Inf,64.8,59.04
"2017-11-13 09:04",69.416,59.69,63.59,64.19,64.59,65,Inf,64.19,54.57
"2017-11-13 09:05",69.4433333333,61.84,62.99,63.78,63.06,62.98,Inf,63.79,63.61
"2017-11-13 09:06",69.3746666667,61.65,62.22,60.29,64.19,65,Inf,62,62.65
"2017-11-13 09:07",69.3606666667,54.84,64.59,64.8,62.2,63.79,Inf,61.36,64.8
"2017-11-13 09:08",69.3573333333,63.01,60.82,65,64.59,62.97,Inf,62.21,60.83
"2017-11-13 09:09",69.452,62.21,59.44,63.99,63.2,61.58,Inf,64.19,61.75
"2017-11-13 09:10",69.3726666667,62.6,60.87,60.49,63.59,Inf,65,62.22,57.12
"2017-11-13 09:11",69.3653333333,50.49,63.6,63.99,64.4,Inf,64.39,65,58
"2017-11-13 09:12",69.3993333333,57.21,63.58,63.99,64.8,Inf,63,65,53.7
"2017-11-13 09:13",69.5153333333,55.91,63.6,64.8,60.39,Inf,63.78,64.02,54.64
"2017-11-13 09:14",69.544,57.45,63.59,63.38,61.82,Inf,56.72,63.23,55.5
"2017-11-13 09:15",69.4926666667,58.84,62.2,64.59,59.13,Inf,57.58,64.39,63.84
"2017-11-13 09:16",69.492,61.71,61.86,63.58,64.19,Inf,58.89,62.81,64.59
"2017-11-13 09:17",69.538,64.39,63.99,64.19,63.79,Inf,59.65,63.41,63.98
"2017-11-13 09:18",69.5886666667,63,62.37,62.42,63.99,Inf,51.02,62.78,64.6
"2017-11-13 09:19",69.664,64.39,63.99,64.39,63.59,Inf,57,63.39,63.21
"2017-11-13 09:20",69.8166666667,64.59,56.13,64.19,65,Inf,55.7,63.17,64.8
"2017-11-13 09:21",69.9993333333,64.8,62.2,62.6,63.99,Inf,63.98,63.41,63.02
"2017-11-13 09:22",70.1213333333,64.2,63.79,59.52,63.01,Inf,65,62.2,65
"2017-11-13 09:23",70.2553333333,63.58,63.79,64.19,64.2,Inf,64.39,61.11,64.59
"2017-11-13 09:24",70.206,63.79,64.39,63.79,64.8,Inf,64.4,61.53,64.39
"2017-11-13 09:25",70.2753333333,65,65,63.99,Inf,64.39,65,62.98,57.76
"2017-11-13 09:26",70.3813333333,64.59,64.39,64.59,Inf,65,63.19,63.79,55.71
"2017-11-13 09:27",70.52,64.39,65,63.59,Inf,65,60.93,64.39,56.28
"2017-11-13 09:28",70.5626666667,65,60.04,64.8,Inf,64.59,58.64,64.4,65
"2017-11-13 09:29",70.6073333333,64.39,63.38,64.39,Inf,63.99,60.2,62.58,62.2
"2017-11-13 09:30",70.6666666667,63.21,65,63.79,Inf,65,63.99,61.04,62.92
"2017-11-13 09:31",70.6086666667,65,64.39,65,Inf,64.39,62.81,64.19,63.41
"2017-11-13 09:32",70.5666666667,64.8,64.8,63.21,Inf,65,40.34,65,61.46
"2017-11-13 09:33",70.524,64.8,64.19,65,Inf,64.8,64.59,62.4,65
"2017-11-13 09:34",70.446,65,65,63.79,Inf,63.04,64.2,62.6,65
"2017-11-13 09:35",70.3893333333,65,65,64.59,Inf,65,63.99,64.6,63.17
"2017-11-13 09:36",70.3246666667,64.19,65,65,Inf,64.8,65,64.8,65
"2017-11-13 09:37",70.1853333333,64.8,63.6,64.8,Inf,64,64.39,65,65
"2017-11-13 09:38",70.032,64.8,64.19,65,Inf,64.8,64.2,60.92,65
"2017-11-13 09:39",70.004,63.21,63.99,63.63,Inf,65,64.4,65,64.59
"2017-11-13 09:40",69.9286666667,65,63.59,Inf,64.39,64.19,63.98,63.6,64.39
"2017-11-13 09:41",69.822,64.59,63.99,Inf,65,64.19,63.79,64.59,64.8
"2017-11-13 09:42",69.7486666667,65,64.59,Inf,65,65,64.19,64.39,58.83
"2017-11-13 09:43",69.6646666667,64.59,64.39,Inf,65,64.8,64.19,62.45,64.39
"2017-11-13 09:44",69.614,64.8,64.8,Inf,65,64.8,64.59,63.21,64.6
"2017-11-13 09:45",69.5593333333,64.59,65,Inf,65,64.39,63.79,62.39,63.8
"2017-11-13 09:46",69.468,65,65,Inf,65,64.59,63.99,64.39,64.8
"2017-11-13 09:47",69.3626666667,65,65,Inf,64.39,65,63.99,64.59,64.19
"2017-11-13 09:48",69.3166666667,65,65,Inf,65,65,65,64.2,65
"2017-11-13 09:49",69.2333333333,65,65,Inf,65,64.2,64.8,63.39,65
"2017-11-13 09:50",69.1773333333,64.39,65,Inf,65,65,65,65,64.39
"2017-11-13 09:51",69.0606666667,63.81,62.39,Inf,65,65,65,65,63.39
"2017-11-13 09:52",69.0413333333,65,63.61,Inf,65,64.59,65,64.8,65
"2017-11-13 09:53",69.0906666667,64.8,65,Inf,62.5,65,64.8,64.59,63.17
"2017-11-13 09:54",69.174,64.2,65,Inf,65,64,65,65,65
"2017-11-13 09:55",69.1466666667,65,Inf,65,64.39,64.8,65,63.99,64.02
"2017-11-13 09:56",69.122,64.39,Inf,65,64.8,65,63.09,65,65
"2017-11-13 09:57",69.1586666667,64.6,Inf,64.19,65,65,65,65,65
"2017-11-13 09:58",69.18,65,Inf,65,63.84,64.6,65,65,65
"2017-11-13 09:59",69.1833333333,65,Inf,63.22,63,64.8,64.8,64.8,65
"2017-11-13 10:00",69.182,65,Inf,64,64.19,64.8,64.8,64.8,64.8
"2017-11-13 10:01",69.2766666667,64.8,Inf,65,62.39,65,65,65,65
"2017-11-13 10:02",69.384,64.8,Inf,64.2,65,64.6,65,64.8,65
"2017-11-13 10:03",69.4926666667,65,Inf,64.39,65,64.8,62.5,65,64.19
"2017-11-13 10:04",69.636,65,Inf,65,63.38,65,63.26,64.39,65
"2017-11-13 10:05",69.6113333333,64.8,Inf,64.39,62.65,65,65,65,63.41
"2017-11-13 10:06",69.5546666667,63.78,Inf,63.98,62.6,64.59,65,64.02,62.07
"2017-11-13 10:07",69.564,65,Inf,65,65,65,65,64.2,63.66
"2017-11-13 10:08",69.602,63.99,Inf,64.59,64.59,64.39,64.8,65,59.39
"2017-11-13 10:09",69.4993333333,65,Inf,65,65,62.8,64.8,64.8,64.59
"2017-11-13 10:10",69.5926666667,Inf,65,63.6,65,64.19,64.19,63.8,64.8
"2017-11-13 10:11",69.6906666667,Inf,64.6,63.81,63.39,62.37,64.2,65,64.6
"2017-11-13 10:12",69.7313333333,Inf,63.78,65,63.79,64.8,64.59,64.8,65
"2017-11-13 10:13",69.7926666667,Inf,65,64.8,64.8,65,65,63.43,65
"2017-11-13 10:14",69.7873333333,Inf,65,65,64.39,65,65,65,65
"2017-11-13 10:15",69.798,Inf,64.8,64.59,65,64.39,64.59,65,65
"2017-11-13 10:16",69.752,Inf,65,64.59,65,64.8,63.79,64.8,65
"2017-11-13 10:17",69.736,Inf,64.8,64.8,65,64,63.29,64.39,65
"2017-11-13 10:18",69.6913333333,Inf,65,65,65,63.41,64.39,65,65
"2017-11-13 10:19",69.588,Inf,65,65,65,65,65,65,64.4
"2017-11-13 10:20",69.5713333333,Inf,64.39,65,65,65,65,65,64.19
"2017-11-13 10:21",69.5973333333,Inf,65,65,65,65,64.39,65,65
"2017-11-13 10:22",69.5166666667,Inf,64.39,63.21,65,64.59,65,64.19,65
"2017-11-13 10:23",69.3906666667,Inf,65,64.8,65,65,65,65,65
"2017-11-13 10:24",69.308,Inf,65,64.59,65,65,65,65,65
"2017-11-13 10:25",69.1453333333,64,65,65,65,64.59,65,65,65
"2017-11-13 10:26",69.0046666667,64.59,65,65,65,65,65,64.8,64.39
"2017-11-13 10:27",68.8133333333,64.8,65,64.39,65,65,65,64.59,65
"2017-11-13 10:28",68.6566666667,65,65,64.8,65,65,65,65,65
"2017-11-13 10:29",68.5806666667,65,65,64.8,64.02,65,65,65,65
"2017-11-13 10:30",68.4713333333,65,64.39,65,64.8,65,65,65,65
"2017-11-13 10:31",68.4313333333,65,65,65,65,65,64.6,65,65
"2017-11-13 10:32",68.4513333333,65,65,65,64.39,65,65,65,65
"2017-11-13 10:33",68.4853333333,65,65,65,65,64.8,65,65,65
"2017-11-13 10:34",68.54,64.19,65,65,65,64.6,64.59,65,65
"2017-11-13 10:35",68.6353333333,65,65,65,65,64.8,64.59,65,65
"2017-11-13 10:36",68.7033333333,65,65,65,64.8,65,65,65,65
"2017-11-13 10:37",68.766,65,64.8,65,63.61,65,64.59,65,65
"2017-11-13 10:38",68.8233333333,65,65,65,64,64.19,64.39,62.57,64.39
"2017-11-13 10:39",68.8446666667,64.39,65,65,65,65,64.59,65,65
"2017-11-13 10:40",68.918,64.6,65,65,64.59,64.59,64,65,64.8
"2017-11-13 10:41",68.966,65,65,65,65,65,65,64.8,64.59
"2017-11-13 10:42",69.0173333333,64.19,65,65,64.8,64.59,65,65,64.8
"2017-11-13 10:43",69.0386666667,65,65,64.59,65,65,65,64.8,64.8
"2017-11-13 10:44",69.0393333333,65,65,64.59,64.39,65,65,65,65
"2017-11-13 10:45",69.0766666667,65,65,65,65,65,65,64.8,64.2
"2017-11-13 10:46",69.0406666667,65,65,64.59,65,64.59,64.59,65,65
"2017-11-13 10:47",68.9213333333,65,64.59,64.6,65,64.8,65,65,65
"2017-11-13 10:48",68.812,65,65,65,64.8,65,65,65,65
"2017-11-13 10:49",68.7746666667,65,65,65,65,65,65,65,64.8
"2017-11-13 10:50",68.7213333333,65,65,65,65,65,65,65,64.59
"2017-11-13 10:51",68.716,63.23,64.8,65,65,65,65,64.59,65
"2017-11-13 10:52",68.7433333333,65,65,64.8,65,64.39,65,65,65
"2017-11-13 10:53",68.71,65,65,65,65,65,64.59,65,64.59
"2017-11-13 10:54",68.756,65,65,65,63.39,64.8,65,63.79,65
"2017-11-13 10:55",68.658,65,65,63.99,65,64.8,65,65,64.59
"2017-11-13 10:56",68.5773333333,64.39,64.59,64.8,65,65,65,65,65
"2017-11-13 10:57",68.5621428571,64.8,65,65,65,64.8,64.59,64.39,65
"2017-11-13 10:58",68.6133333333,65,65,64.8,65,64.59,65,65,65
"2017-11-13 10:59",68.592,63.79,64.6,65,65,65,65,65,64.39
"2017-11-13 11:00",68.596,65,64.59,65,65,65,65,64.59,65
"2017-11-13 11:01",68.7213333333,65,65,65,65,65,65,65,64.8
"2017-11-13 11:02",68.8033333333,65,65,65,65,64.59,65,65,65
"2017-11-13 11:03",68.8573333333,64.39,65,65,64.8,65,64.39,65,65
"2017-11-13 11:04",68.824,63.81,65,65,64.2,65,65,65,64.02
"2017-11-13 11:05",68.8013333333,63.99,64.59,64.39,65,65,65,63.81,65
"2017-11-13 11:06",68.79,65,65,64.2,65,65,65,65,65
"2017-11-13 11:07",68.808,65,65,64.39,65,64.8,65,65,65
"2017-11-13 11:08",68.8466666667,65,64.59,64.59,65,65,65,64.59,65
"2017-11-13 11:09",68.904,64.19,65,64.19,65,65,64.59,65,65
"2017-11-13 11:10",69.0673333333,65,64.39,65,64.8,65,65,64.6,65
"2017-11-13 11:11",69.172,65,64.19,64,65,65,65,65,64.59
"2017-11-13 11:12",69.22,65,65,65,64.8,65,65,65,64.59
"2017-11-13 11:13",69.2306666667,65,65,65,65,65,65,65,64.39
"2017-11-13 11:14",69.3633333333,65,65,65,64.59,65,65,65,63.39
"2017-11-13 11:15",69.4073333333,65,65,65,65,65,64.59,64.8,65
"2017-11-13 11:16",69.312,64.6,65,65,65,65,64.8,63.18,64.39
"2017-11-13 11:17",69.2593333333,63.81,64.59,64.8,65,65,64.8,64.19,65
"2017-11-13 11:18",69.2313333333,64.59,62.02,65,65,65,65,65,65
"2017-11-13 11:19",69.2186666667,65,65,64.39,65,64.59,65,64,65
"2017-11-13 11:20",69.22,65,64.8,64.59,63.79,65,65,64.8,65
"2017-11-13 11:21",69.2586666667,64.59,65,65,65,65,65,64.59,65
"2017-11-13 11:22",69.3053333333,64.8,64.19,64.59,64.8,65,64.02,65,65
"2017-11-13 11:23",69.3366666667,64.8,65,64.8,65,65,65,64.39,64.19
"2017-11-13 11:24",69.3026666667,65,65,65,65,64.8,65,65,65
"2017-11-13 11:25",69.2973333333,65,64.8,64.19,61.34,65,64.8,65,65
"2017-11-13 11:26",69.2813333333,64.39,65,64.8,64.39,62.66,65,63.79,65
"2017-11-13 11:27",69.2673333333,65,65,65,64.59,65,64.8,65,65
"2017-11-13 11:28",69.2593333333,65,65,65,65,65,65,64.8,65
"2017-11-13 11:29",69.0893333333,64.19,65,65,63.61,65,65,65,64.59
"2017-11-13 11:30",69.0173333333,65,65,64.2,64.59,65,64.8,65,65
"2017-11-13 11:31",69.0593333333,63.8,64.39,65,64.39,64.39,63.79,65,65
"2017-11-13 11:32",69.138,65,65,64.2,65,64.8,64.8,64.39,65
"2017-11-13 11:33",69.172,65,65,65,64.8,65,65,63.37,65
"2017-11-13 11:34",69.2913333333,64.59,65,65,65,65,63.99,65,63.59
"2017-11-13 11:35",69.3913333333,64.39,65,65,65,65,65,65,64.19
"2017-11-13 11:36",69.3866666667,64.39,65,65,65,65,65,64.39,65
"2017-11-13 11:37",69.332,65,65,65,64.59,64.19,65,64.8,65
"2017-11-13 11:38",69.2913333333,64.39,65,65,65,65,65,63.78,65
"2017-11-13 11:39",69.228,65,65,63.79,65,64.6,63.99,64.59,64.8
"2017-11-13 11:40",69.1713333333,65,65,64.39,64.8,64.8,65,65,65
"2017-11-13 11:41",69.1673333333,63.22,65,64.39,64.8,65,64.39,63.79,63.39
"2017-11-13 11:42",69.2013333333,64.59,65,64.39,65,64.8,65,65,65
"2017-11-13 11:43",69.2273333333,65,64.6,65,65,64,65,65,65
"2017-11-13 11:44",69.3426666667,65,65,64.59,64.39,65,64.6,65,64.19
"2017-11-13 11:45",69.462,65,64.59,64.59,64.8,64.39,63.39,65,65
"2017-11-13 11:46",69.506,65,65,65,64.59,65,65,65,63.61
"2017-11-13 11:47",69.5206666667,64.8,65,65,64.59,64.8,65,65,65
"2017-11-13 11:48",69.5186666667,65,65,65,65,64.8,65,65,64.39
"2017-11-13 11:49",69.448,65,65,65,65,64.39,65,64.59,65
"2017-11-13 11:50",69.3493333333,65,65,64.8,63.79,65,64.8,63.99,65
"2017-11-13 11:51",69.2666666667,65,65,65,65,65,65,65,65
"2017-11-13 11:52",69.2293333333,65,64.59,64.19,64.8,65,65,65,65
"2017-11-13 11:53",69.158,65,64.2,64.8,64.6,64.6,65,65,65
"2017-11-13 11:54",69.172,64.8,64.6,65,65,64.59,65,64.8,65
"2017-11-13 11:55",69.1786666667,65,65,64.59,65,64.8,64.59,65,64.59
"2017-11-13 11:56",69.108,65,65,65,65,65,64.8,65,65
"2017-11-13 11:57",69.01,64.39,65,64.19,64.8,65,64.19,64.2,65
"2017-11-13 11:58",68.9593333333,65,65,64.39,64,65,65,65,65
"2017-11-13 11:59",68.9086666667,65,65,65,65,64.8,64.59,65,64.8
"2017-11-13 12:00",68.8373333333,65,65,65,65,65,64.8,64.39,65
"2017-11-13 12:01",68.7973333333,65,65,65,64.39,65,65,64.8,64.19
"2017-11-13 12:02",68.7806666667,65,65,65,64.8,64.19,64.19,65,64.8
"2017-11-13 12:03",68.774,64.8,65,64.8,65,65,64.8,65,65
"2017-11-13 12:04",68.7686666667,65,64.8,65,65,64.8,65,65,64.8
"2017-11-13 12:05",68.8146666667,65,64.8,64.8,65,64.19,65,65,64.59
"2017-11-13 12:06",68.85,65,65,65,65,64.8,65,65,65
"2017-11-13 12:07",68.8286666667,63.39,65,64.8,64.8,65,65,64,65
"2017-11-13 12:08",68.852,63.38,65,63.41,63.63,63.4,63.79,65,65
"2017-11-13 12:09",68.8586666667,65,65,64.59,65,64.6,64.8,63.99,65
"2017-11-13 12:10",68.83,65,64.8,65,65,65,64.8,65,65
"2017-11-13 12:11",68.908,64.02,65,65,64.8,64.8,64.6,64.2,65
"2017-11-13 12:12",68.998,64.8,64.2,65,64.59,64.8,64.39,65,64.59
"2017-11-13 12:13",69.022,65,64.2,63.6,65,65,65,63.22,65
"2017-11-13 12:14",69.0733333333,64.39,64.59,64.39,64,64.59,65,63.58,65
"2017-11-13 12:15",69.132,64.6,65,62.4,64.39,64.2,65,64.8,65
"2017-11-13 12:16",69.1086666667,65,65,65,63.02,65,65,63.6,65
"2017-11-13 12:17",69.0366666667,65,65,63.81,64.19,65,64.8,65,65
"2017-11-13 12:18",69.0133333333,65,65,64.59,65,65,63.21,65,64.59
"2017-11-13 12:19",68.9693333333,65,64.6,65,65,65,64.39,65,65
"2017-11-13 12:20",68.9266666667,65,65,65,65,65,64.2,65,63.21
"2017-11-13 12:21",68.982,64.39,63.99,65,65,64.39,64.39,64.39,65
"2017-11-13 12:22",69.0666666667,64.8,65,65,65,65,65,64.8,65
"2017-11-13 12:23",69.1453333333,65,64.59,64,65,65,63.81,64.59,65
"2017-11-13 12:24",69.2286666667,65,65,65,65,64.8,65,65,64.2
"2017-11-13 12:25",69.3153333333,65,64.39,63.78,64.19,65,64.39,64.39,65
"2017-11-13 12:26",69.2233333333,65,65,64.59,65,63.79,65,63.99,64.59
"2017-11-13 12:27",68.9793333333,65,65,65,65,64.8,64.39,64.8,64.59
"2017-11-13 12:28",68.9807142857,65,62.79,63.39,64.8,65,64,65,63.79
"2017-11-13 12:29",68.7106666667,64.59,64.59,63.38,64.8,64.59,65,65,65
"2017-11-13 12:30",68.6246666667,62.09,65,65,65,64.8,65,64.19,64.8
"2017-11-13 12:31",68.55,64.59,64.39,65,65,65,64,64.39,65
"2017-11-13 12:32",68.42,65,63.22,64.59,65,65,65,64.8,65
"2017-11-13 12:33",68.2906666667,65,64.39,65,64.59,63.2,62.99,64.59,64.8
"2017-11-13 12:34",68.2373333333,64.19,63.46,65,65,64.8,65,65,64.8
"2017-11-13 12:35",68.1613333333,65,64.8,64.39,65,65,65,65,64.8
"2017-11-13 12:36",68.0773333333,64.6,65,65,64.6,65,65,65,64.59
"2017-11-13 12:37",68.0493333333,65,64.8,64.59,65,65,64.2,65,65
"2017-11-13 12:38",67.988,64.8,64.39,64.8,64.8,65,63.81,64.8,65
"2017-11-13 12:39",67.9366666667,63.4,65,65,65,62.82,65,64.8,65
"2017-11-13 12:40",67.976,65,65,64.59,64.39,64.8,65,64.39,63.38
"2017-11-13 12:41",68.1113333333,65,64.59,65,63.79,63.58,64.39,65,64.39
"2017-11-13 12:42",68.422,65,65,65,65,63.61,65,64.39,61.44
"2017-11-13 12:43",68.6453333333,64.59,63.99,64.59,65,64.8,65,65,65
"2017-11-13 12:44",68.792,65,64.59,64.59,64.19,64.6,65,63.19,65
"2017-11-13 12:45",68.8806666667,65,65,65,64.59,65,65,65,65
"2017-11-13 12:46",69.0166666667,64.59,65,65,65,65,65,65,64.6
"2017-11-13 12:47",69.1633333333,64.39,64.39,64.39,64.8,65,65,65,65
"2017-11-13 12:48",69.294,64.2,65,64.8,65,65,64.39,65,64.2
"2017-11-13 12:49",69.3333333333,64.6,65,65,65,64.8,65,65,64.8
"2017-11-13 12:50",69.3793333333,64.6,64.8,62.79,65,64.39,65,64.39,63.59
"2017-11-13 12:51",69.3946666667,65,65,63.79,64.19,64.2,65,63.58,65
"2017-11-13 12:52",69.414,64.8,64.8,65,64.8,63.02,65,62.33,65
"2017-11-13 12:53",69.554,65,65,65,65,64.19,65,64.8,64.59
"2017-11-13 12:54",69.626,65,65,65,63.79,65,64.59,65,65
"2017-11-13 12:55",69.5946666667,65,65,65,65,65,64.8,62.97,64.2
"2017-11-13 12:56",69.5866666667,65,64.02,65,65,62.63,63.8,64.39,65
"2017-11-13 12:57",69.5546666667,65,65,64.8,65,63.59,65,64.39,64.59
"2017-11-13 12:58",69.5066666667,63.98,64.8,65,65,64,65,64.8,65
"2017-11-13 12:59",69.454,63.79,65,64.2,64.59,65,64.39,63.02,65
"2017-11-13 13:00",69.3793333333,64.8,65,65,65,65,65,65,63.41
"2017-11-13 13:01",69.382,65,65,64.2,64.39,64.8,65,63.99,65
"2017-11-13 13:02",69.3733333333,64.39,65,64.8,64.39,65,65,65,65
"2017-11-13 13:03",69.36,65,64.8,65,64.02,65,65,64.39,64.8
"2017-11-13 13:04",69.3666666667,65,64.8,64.59,64.8,65,65,65,65
"2017-11-13 13:05",69.4006666667,65,65,65,65,64.19,65,65,65
"2017-11-13 13:06",69.4,65,64.19,64.8,65,63.79,65,65,64.8
"2017-11-13 13:07",69.3746666667,65,64.59,65,64.8,65,65,64.59,65
"2017-11-13 13:08",69.254,65,64.59,65,65,64,65,65,65
"2017-11-13 13:09",69.15,64.59,64.59,64.8,64.39,65,63.18,63.79,64.8
"2017-11-13 13:10",69.0106666667,65,65,65,64.59,65,65,65,65
"2017-11-13 13:11",68.8853333333,65,65,65,65,64.59,62.59,65,65
"2017-11-13 13:12",68.7766666667,64.8,65,65,63.39,63.66,65,65,65
"2017-11-13 13:13",68.776,64.8,65,65,65,65,64.8,65,64.8
"2017-11-13 13:14",68.7713333333,64.39,64.59,64.2,65,65,64.19,65,64.8
"2017-11-13 13:15",68.7653333333,64.8,64.8,64.8,65,65,64.59,65,62.85
"2017-11-13 13:16",68.7606666667,65,65,64.39,64.8,64.59,65,63.63,65
"2017-11-13 13:17",68.7685714286,64.8,63.39,65,65,65,63.84,64.8,65
"2017-11-13 13:18",68.7473333333,64.8,64.8,65,64.59,64.39,65,64.39,64.39
"2017-11-13 13:19",68.7346666667,63.79,65,65,65,64.19,63.06,65,64.8
"2017-11-13 13:20",68.696,63.4,64.39,65,64.8,65,64.6,62.6,64.8
"2017-11-13 13:21",68.7,64.6,64.39,65,64.8,65,64.2,64.8,64.2
"2017-11-13 13:22",68.7266666667,65,64.8,63.99,65,64.39,64.6,64.8,64.8
"2017-11-13 13:23",68.768,65,65,64.59,65,63.21,64.39,65,64.59
"2017-11-13 13:24",68.8273333333,64.59,65,65,65,65,64.2,63.99,65
"2017-11-13 13:25",68.8906666667,63.6,65,65,65,65,63.99,65,64.59
"2017-11-13 13:26",69.0086666667,65,64.19,65,63.2,64.2,64.59,63.99,64.8
"2017-11-13 13:27",69.1193333333,63.38,65,63,65,65,65,65,65
"2017-11-13 13:28",69.2126666667,65,65,64.39,63.39,64.59,64.59,65,65
"2017-11-13 13:29",69.294,64.59,65,65,65,64.39,65,64.8,65
"2017-11-13 13:30",69.418,65,65,64.19,64.8,64.59,65,65,65
"2017-11-13 13:31",69.4213333333,64.8,65,64.6,65,64.39,65,65,65
"2017-11-13 13:32",69.4553333333,65,65,64.8,64.8,64.8,65,65,65
"2017-11-13 13:33",69.526,65,65,65,65,65,65,65,64.59
"2017-11-13 13:34",69.6073333333,64.8,65,65,65,65,65,65,65
"2017-11-13 13:35",69.662,65,64.19,64.39,65,65,64.19,65,65
"2017-11-13 13:36",69.6666666667,65,65,65,65,65,65,64.8,65
"2017-11-13 13:37",69.6293333333,65,64.2,65,65,64.19,64.39,65,63.81
"2017-11-13 13:38",69.5966666667,64.39,65,65,64.2,65,65,65,65
"2017-11-13 13:39",69.514,65,65,65,65,65,65,65,65
"2017-11-13 13:40",69.5173333333,65,64.59,64.39,63.79,65,65,65,65
"2017-11-13 13:41",69.4766666667,65,64.59,64.8,65,64.6,65,63.84,63.39
"2017-11-13 13:42",69.382,65,65,65,65,65,65,65,65
"2017-11-13 13:43",69.2226666667,64.39,65,65,65,65,65,65,65
"2017-11-13 13:44",69.1,65,65,64.39,64.8,65,65,64.6,65
"2017-11-13 13:45",68.97,64.8,65,65,65,65,65,65,65
"2017-11-13 13:46",68.924,65,64.8,64.39,65,64.8,64.59,64.39,63.79
"2017-11-13 13:47",68.9573333333,65,65,64.8,64.8,65,65,65,65
"2017-11-13 13:48",68.9946666667,65,64.8,64.8,65,64.39,63.79,64.39,65
"2017-11-13 13:49",68.9933333333,64.8,63.99,65,65,65,65,65,65
"2017-11-13 13:50",69.03,64.19,64.6,65,65,64.59,64.39,62.02,65
"2017-11-13 13:51",69.0426666667,63.99,64.8,65,64.39,65,64.19,65,65
"2017-11-13 13:52",68.966,64.8,65,64.59,65,65,64.59,65,65
"2017-11-13 13:53",68.9286666667,64.6,65,65,64.8,64.8,65,64.59,65
"2017-11-13 13:54",68.9593333333,63.2,65,64.59,63.59,65,65,64.39,65
"2017-11-13 13:55",68.958,64.8,64.39,64.8,63.79,65,65,65,64.8
"2017-11-13 13:56",68.8713333333,64.8,64.2,62.48,63.03,62.89,65,65,64.59
"2017-11-13 13:57",68.858,65,65,64.39,65,63.41,65,65,64.8
"2017-11-13 13:58",68.862,65,64.8,65,64.8,64.2,63.81,65,63.58
"2017-11-13 13:59",68.8933333333,65,65,65,64.59,65,64.59,64.39,64.8
"2017-11-13 14:00",68.9106666667,64.59,61.74,64.2,64.39,65,64.59,63.39,63.98
"2017-11-13 14:01",68.86,64.8,64.19,63.58,65,64.59,64.39,65,65
"2017-11-13 14:02",68.7793333333,64.19,62.89,64.4,63.41,65,64,63.63,65
"2017-11-13 14:03",68.6553333333,64.8,64.8,65,65,65,65,65,65
"2017-11-13 14:04",68.5733333333,65,65,64.8,64.8,65,65,64.8,64.8
"2017-11-13 14:05",68.4513333333,65,64.59,63.6,65,65,62.81,64.59,65
"2017-11-13 14:06",68.4386666667,65,64.8,64.6,65,65,65,62.89,63.18
"2017-11-13 14:07",68.5326666667,65,65,65,65,64.39,64.39,64,64.6
"2017-11-13 14:08",68.5913333333,62.24,65,65,63.22,63.78,65,65,65
"2017-11-13 14:09",68.5986666667,65,64.8,65,63.81,65,62.8,65,65
"2017-11-13 14:10",68.5173333333,64.59,65,64.8,65,65,65,65,64.19
"2017-11-13 14:11",68.6166666667,65,64.8,65,65,64.39,65,64.6,61.44
"2017-11-13 14:12",68.726,63,64.39,64.59,64.6,65,65,63.99,62.62
"2017-11-13 14:13",68.7926666667,63.59,64.8,61.63,65,64.8,65,64.8,64.19
"2017-11-13 14:14",68.8706666667,63.99,64.39,64.39,63.21,65,64.8,63.6,63.58
"2017-11-13 14:15",68.948,63.99,64.59,65,65,63.79,65,64.6,65
"2017-11-13 14:16",69.0466666667,65,65,64.39,63.79,65,61.63,65,64.19
"2017-11-13 14:17",68.99,64.8,63.41,63.78,61.57,65,63.99,65,64.8
"2017-11-13 14:18",69.0166666667,65,65,65,64.19,65,65,65,64.8
"2017-11-13 14:19",69.0533333333,63.79,64.8,65,64.59,65,65,65,65
"2017-11-13 14:20",69.1306666667,64.8,65,65,65,64.59,65,63.58,65
"2017-11-13 14:21",69.136,64.2,64.8,64.8,65,65,64.8,64.8,65
"2017-11-13 14:22",69.042,65,64.8,65,65,64.8,64.59,64.6,65
"2017-11-13 14:23",68.974,63.02,62.98,65,65,64.8,63.6,64.8,65
"2017-11-13 14:24",68.8886666667,64.8,65,64.39,65,64.8,59.06,63.58,64.8
"2017-11-13 14:25",68.936,59.57,65,65,64.2,64.8,65,65,62.89
"2017-11-13 14:26",68.946,64.8,64.8,64.59,65,64.8,63.6,65,64
"2017-11-13 14:27",68.8346666667,65,65,64.6,65,65,63.39,62.45,63.59
"2017-11-13 14:28",68.7533333333,65,65,65,63.59,64.39,64.19,65,64.2
"2017-11-13 14:29",68.628,64.59,64,64.39,65,64.8,65,65,64.59
"2017-11-13 14:30",68.6086666667,63.58,64.19,64.19,65,65,64.59,65,64.8
"2017-11-13 14:31",68.5266666667,65,65,65,64,65,64.8,65,65
"2017-11-13 14:32",68.5513333333,64.8,61.95,64.19,65,65,64,65,64.6
"2017-11-13 14:33",68.4593333333,65,64.19,64.6,60.09,65,64.39,64.59,65
"2017-11-13 14:34",68.3466666667,64.2,63.79,65,62.58,63.19,63.19,63.22,63.99
"2017-11-13 14:35",68.2113333333,64.59,65,64.19,64.8,65,64.39,64.8,64.8
"2017-11-13 14:36",68.1528571429,63.19,63.99,63.19,62.43,64.39,63.38,65,64.59
"2017-11-13 14:37",68.1826666667,63.99,65,62.57,63.25,64.6,64.39,63.18,64.59
"2017-11-13 14:38",68.2513333333,65,64.39,63.18,65,65,62.82,64.8,64.6
"2017-11-13 14:39",68.3406666667,65,64.6,63.61,64.8,62.25,64.6,63.79,63.18
"2017-11-13 14:40",68.3073333333,65,64.19,64.8,65,64.8,62.43,65,59.87
"2017-11-13 14:41",68.1646666667,64.59,64.39,65,64.39,64.8,64.8,64.19,54.66
"2017-11-13 14:42",68.1206666667,64.8,65,62.25,62.65,64.4,63.98,65,61.23
"2017-11-13 14:43",68.1313333333,65,64.59,65,63.79,61.85,63.81,64.4,62.33
"2017-11-13 14:44",68.164,65,65,65,64.59,62.37,64.8,62.18,65
"2017-11-13 14:45",68.1166666667,64.39,64.39,63.21,64.39,63.61,64.8,65,65
"2017-11-13 14:46",68.1366666667,63.26,64.19,62.22,64,63.05,64.8,65,65
"2017-11-13 14:47",68.0933333333,64.59,64.8,64.59,65,63.66,64.19,64.8,65
"2017-11-13 14:48",68.1133333333,63.99,64.59,63.2,62.62,64.59,63.99,63.22,64.39
"2017-11-13 14:49",68.1673333333,63.99,64.2,64.8,64.6,64.39,65,65,65
"2017-11-13 14:50",68.25,64.19,63.59,65,63.98,62.31,64.59,63.63,65
"2017-11-13 14:51",68.272,63.21,63.84,65,64.59,64.59,63.61,64.8,65
"2017-11-13 14:52",68.242,64.39,64.19,64.39,64.8,64.59,65,61.65,64.59
"2017-11-13 14:53",68.1306666667,63.59,63.79,63.98,65,64.39,65,64.6,64.19
"2017-11-13 14:54",68.0826666667,65,65,64.8,64.8,64.59,65,64.8,64.8
"2017-11-13 14:55",68.062,64.39,65,64.19,63.98,64.39,64.4,64.59,60.28
"2017-11-13 14:56",68.1186666667,63.01,62.21,61.6,64.39,64.6,62.43,64.8,63.79
"2017-11-13 14:57",68.198,63.39,63.99,63.99,64.59,60.65,64.8,63.79,64.59
"2017-11-13 14:58",68.28,64.6,61.5,64.59,62.85,64.19,60.17,63.41,61.77
"2017-11-13 14:59",68.3393333333,64.4,52.65,63.99,62.66,63.78,64.8,64.8,62.19
"2017-11-13 15:00",68.3766666667,64.8,60.81,64.39,64.59,64.6,65,62.06,59.67
"2017-11-13 15:01",68.4173333333,64.39,63.19,63.59,64,59.96,64.59,64,65
"2017-11-13 15:02",68.5353333333,64.2,63.59,64.8,62.98,62.07,64.6,62.22,63.99
"2017-11-13 15:03",68.5806666667,64.19,65,62.09,63.58,63.21,64.19,64.6,64.6
"2017-11-13 15:04",68.6786666667,62.85,60.67,63.39,59.79,63.79,63.79,64.19,64.19
"2017-11-13 15:05",68.7613333333,64.59,62.8,64.19,64.59,60.87,60.68,63.59,62.24
"2017-11-13 15:06",68.7866666667,62.65,61.64,64.19,63.38,65,63.06,62.5,64.8
"2017-11-13 15:07",68.9126666667,62.58,63.03,64.39,64.6,63,64.02,62.85,64
"2017-11-13 15:08",68.938,62.01,64.8,63.59,55.6,64.8,64.59,63.99,62.23
"2017-11-13 15:09",68.97,60.79,63.99,63.23,62.59,60.69,62.81,61.82,64.59
"2017-11-13 15:10",69.0273333333,65,64.19,64.39,63.61,63.99,63.99,63.79,63.21
"2017-11-13 15:11",69.082,65,63.25,60.55,64.8,63.43,64.19,64.6,62.07
"2017-11-13 15:12",69.0166666667,60.64,61.84,64.8,64.6,64.39,63.99,65,61.2
"2017-11-13 15:13",68.872,64.8,63.79,64.4,65,65,64.59,63.98,62.19
"2017-11-13 15:14",68.7886666667,63.61,61.18,63.6,61.78,65,64.59,64.59,62.78
"2017-11-13 15:15",68.714,64.8,63.99,64.8,64.19,64.39,64.6,60.69,64.59
"2017-11-13 15:16",68.528,64.39,64.59,65,64.8,63.6,65,63.99,65
"2017-11-13 15:17",68.3066666667,64.59,63.39,64.8,64.8,63.6,64.02,63.4,63.98
"2017-11-13 15:18",68.0726666667,61.07,62.32,65,64.19,61.6,64.6,64.39,63.43
"2017-11-13 15:19",67.7753333333,65,59.82,61.08,62.83,61.27,65,64.8,63.21
"2017-11-13 15:20",67.6385714286,59.08,61,65,64.39,64.8,61.65,61.99,64.8
"2017-11-13 15:21",67.3066666667,61.69,63.63,64.8,61.97,63.99,64.59,63.99,64.8
"2017-11-13 15:22",67.1126666667,62.65,64.39,62.69,62.41,63.38,63.58,64.39,62.07
"2017-11-13 15:23",67.0693333333,62.2,62.19,61.79,62.8,63.39,64.59,65,62.83
"2017-11-13 15:24",66.908,63.78,62.8,62.39,64.39,61.81,59.47,64.19,63.23
"2017-11-13 15:25",66.8086666667,65,63.98,63.39,62.41,60.09,63.39,63.6,62.79
"2017-11-13 15:26",66.5706666667,61.04,64.19,59.69,64.19,62.44,63.99,62.21,63.39
"2017-11-13 15:27",66.4013333333,63.8,62.21,60.76,64.19,61.04,62.99,64.39,62.8
"2017-11-13 15:28",66.3113333333,64.39,63.18,64.19,62.39,64.8,62.04,64.8,59.5
"2017-11-13 15:29",66.2846666667,57.93,62.37,61.44,64.8,64.8,62.39,65,62.02
"2017-11-13 15:30",66.3086666667,51.08,62.39,61.8,64.39,62.29,63.39,63.18,64.19
"2017-11-13 15:31",66.3553333333,54.98,58.8,58.56,59.82,62.22,64.8,62.39,65
"2017-11-13 15:32",66.374,64.19,61.36,54.95,59.26,56.68,64.59,64.39,62.6
"2017-11-13 15:33",66.5593333333,63.23,62.38,57.64,63.99,63.05,64.59,62.98,64.59
"2017-11-13 15:34",66.6326666667,63.21,64.59,63.8,61.42,63.03,62.58,64.39,63.79
"2017-11-13 15:35",66.674,61.61,62.22,64.2,64,62.62,61.84,64.39,64
"2017-11-13 15:36",66.7346666667,61.83,62.57,59.95,62.98,55.24,61.06,63.79,58.15
"2017-11-13 15:37",66.696,57.44,59.87,58.18,53.84,60.57,61.41,64.6,62.89
"2017-11-13 15:38",66.614,61.21,61.62,63.99,62.42,62.41,58.98,60.13,60.45
"2017-11-13 15:39",66.6653333333,63.78,62.17,58,63.43,60.69,62.8,58.41,54.76
"2017-11-13 15:40",66.5986666667,63.58,61.82,56.97,60.29,62,60.41,51.16,60.37
"2017-11-13 15:41",66.6193333333,64,62.59,58.82,63.6,59.15,61.96,52.12,57.08
"2017-11-13 15:42",66.454,62.58,59.53,63.19,62.46,52.98,63.18,63.38,61.98
"2017-11-13 15:43",66.3626666667,64.39,58.99,64.8,58.94,60.12,63.43,60.45,59.41
"2017-11-13 15:44",66.1933333333,58.75,64.4,64.8,58.71,56.67,62.58,61.16,64.19
"2017-11-13 15:45",65.954,64.6,62.38,60.11,53.73,55.04,55.69,62.79,64.39
"2017-11-13 15:46",65.714,63.79,63.58,62.4,64.19,52.99,58.71,64.8,51.32
"2017-11-13 15:47",65.4853333333,64.39,64.19,62.19,60.86,61.44,59.74,61.85,46.22
"2017-11-13 15:48",64.8866666667,61.64,63.58,58.17,61.58,63.19,61.79,59.42,43.18
"2017-11-13 15:49",64.358,63.79,64,61.03,58.53,60.98,63.39,60.32,65
"2017-11-13 15:50",63.8286666667,60.12,60.44,54.41,56.4,60.24,63.18,57.16,59.53
"2017-11-13 15:51",63.0173333333,62.23,59.75,63.79,63.79,61.32,47.93,65,61.52
"2017-11-13 15:52",62.1426666667,62.98,60.79,64.19,61.6,58.53,46.08,62.99,64.8
"2017-11-13 15:53",61.218,64.8,62.56,62.45,60.88,60.22,62.37,61.96,62.09
"2017-11-13 15:54",60.364,59.1,58.33,59.28,61.27,61.42,63.59,65,64.59
"2017-11-13 15:55",59.6013333333,60.98,63.98,64.6,63.99,63.79,63.39,64.39,58.34
"2017-11-13 15:56",59.0446666667,58.65,50.15,64.39,64.6,58.67,64.19,63.17,60.63
"2017-11-13 15:57",58.662,60.29,57.41,60.22,61.54,60.88,61.06,61.46,60.9
"2017-11-13 15:58",58.1293333333,63.19,62.17,60.43,63.03,62.82,62.77,55.33,54.71
"2017-11-13 15:59",57.6586666667,55.41,62.19,59.89,63,63.41,61,62.63,55.42
"2017-11-13 16:00",57.1364285714,55.81,61.23,58.75,60.71,60.84,63.99,60.4,58.69
"2017-11-13 16:01",56.7226666667,53.81,62.84,52.34,60.82,60.36,61.45,63.38,53.07
"2017-11-13 16:02",56.4,63.59,63.39,53.67,58.69,61.27,57.84,61.79,58.14
"2017-11-13 16:03",56.5653333333,60.46,64.19,56.64,60.7,64.39,58.44,59.13,64.59
"2017-11-13 16:04",56.828,58.42,57,59.87,58.51,59.83,59.47,57.28,62.82
"2017-11-13 16:05",57.2253333333,59.71,55.88,61.37,47.4,60.17,63.04,58.07,61.96
"2017-11-13 16:06",57.9706666667,56.53,60.14,57.33,53.63,57.54,64.39,55.21,57.85
"2017-11-13 16:07",58.838,60.85,59.58,60.22,54.59,49.87,62.31,54.22,51.98
"2017-11-13 16:08",59.6853333333,56.33,58.85,58.7,48.45,60.95,48.97,60.09,49.27
"2017-11-13 16:09",60.4526666667,58.71,59.9,53.29,47.65,62.05,51.37,55.2,64.8
"2017-11-13 16:10",61.156,61.38,56.91,53.74,57.89,49.5,52.53,62.01,52.8
"2017-11-13 16:11",61.682,48.49,59.73,49.28,62.2,44.55,55.74,64.59,55.69
"2017-11-13 16:12",62.0326666667,45.68,62.2,55.46,61.22,45.78,52.74,62.63,60.04
"2017-11-13 16:13",62.442,59.28,56.57,55.69,62.21,18.68,29.83,61.82,54.04
"2017-11-13 16:14",62.7866666667,55.84,56,55.92,63.59,12.85,11.88,56.3,56.39
"2017-11-13 16:15",63.0426666667,38.1,53.48,61.02,57.72,13.15,15.28,62.21,49.75
"2017-11-13 16:16",63.0553333333,38.78,47.95,60.89,45.86,13.85,12.95,62.24,60.73
"2017-11-13 16:17",62.7446666667,44.77,49.29,54.6,49.95,13.43,11.53,62.19,61.45
"2017-11-13 16:18",61.9573333333,44.89,54.68,60.31,54.84,22.29,11.1,53.88,57.23
"2017-11-13 16:19",60.9126666667,45.97,63.79,62.4,47.41,50.91,12.5,56.16,62.65
"2017-11-13 16:20",59.52,51.1,58.27,62.81,41.09,46.69,20.24,49.87,63.18
"2017-11-13 16:21",57.8273333333,56.62,51.04,58.57,55.88,46.79,49.54,51.23,59.25
"2017-11-13 16:22",56.0873333333,64.59,53.9,61.36,59.09,62.42,61.38,58.69,60.43
"2017-11-13 16:23",54.444,60.86,62.25,63.38,42.37,63.61,64.59,46.92,62.83
"2017-11-13 16:24",52.8733333333,63.38,57.73,63.01,24.29,62.37,63.38,37.49,57.57
"2017-11-13 16:25",51.4226666667,49.75,59.51,27.95,65,61.81,40.31,60.19,60.91
"2017-11-13 16:26",50.018,56.95,43.4,56.76,65,64.8,56.47,59.98,59.61
"2017-11-13 16:27",48.9866666667,46.89,50.42,62,63.99,55.84,65,49.49,62.84
"2017-11-13 16:28",48.0646666667,58.41,62.97,59.03,62.04,59.39,61.81,58.43,60.42
"2017-11-13 16:29",47.0373333333,59.74,59.37,56.07,61.61,60.81,58.04,60.71,49.54
"2017-11-13 16:30",46.1226666667,45.45,58.3,45.32,60.45,55.68,61.42,35.29,37.76
"2017-11-13 16:31",45.556,58.27,45.88,20.21,61.06,59.98,58.63,24.81,35.63
"2017-11-13 16:32",45.222,64.6,60.88,10.78,55.97,60.41,37.5,11.72,48.09
"2017-11-13 16:33",45.124,62.8,54.19,10.27,50.82,53.02,32.14,10.29,34.82
"2017-11-13 16:34",45.618,60.53,46.9,12.38,58.24,59.76,32.54,11.51,15.83
"2017-11-13 16:35",46.554,64,52.19,18.71,53.24,60.85,23.63,32.98,47.11
"2017-11-13 16:36",47.694,58.87,60.42,46.66,47.01,56.77,16,61.1,63.79
"2017-11-13 16:37",48.732,59.92,49.62,63.18,56.4,56.39,11.75,64.59,64.02
"2017-11-13 16:38",49.764,55.58,40.86,63.61,49.66,51.15,11.06,50.51,56.79
"2017-11-13 16:39",50.6386666667,40.95,40.31,63.59,40.17,47.73,11.41,63.58,65
"2017-11-13 16:40",51.5773333333,53.66,62.8,50.95,55.8,10.86,58.38,65,11.86
"2017-11-13 16:41",52.5593333333,59.81,64.6,54.91,52.16,10.25,59.14,65,12.53
"2017-11-13 16:42",53.49,47.5,54.01,61.38,48.1,10.09,51.74,65,14.51
"2017-11-13 16:43",54.3013333333,47.08,59.08,56.43,45.59,10.23,57.05,65,16.5
"2017-11-13 16:44",55.118,59.99,61.04,61.61,44.17,10.52,46.87,60.9,27.68
"2017-11-13 16:45",56.022,52.21,63.61,63.21,40.77,11.11,49.32,64.8,48.52
"2017-11-13 16:46",56.944,54.64,61.52,64.6,53.04,10.54,49.57,64.59,63.6
"2017-11-13 16:47",58.0353333333,59.96,64.6,63.59,61.41,10.54,51.72,62.06,57.34
"2017-11-13 16:48",59.0893333333,64.19,64.59,63.21,56.07,10.86,27.34,65,64.02
"2017-11-13 16:49",59.7073333333,64.39,58.89,54.52,44.36,11.06,39.06,54.93,65
"2017-11-13 16:50",60.0653333333,52.02,52.96,50.42,38.6,11.13,49.3,63.79,65
"2017-11-13 16:51",60.4373333333,53.82,61.23,64.39,59.4,10.4,58.48,61.72,64.19
"2017-11-13 16:52",61.0426666667,63.58,57.08,64.8,61.69,11.4,59.58,62.61,65
"2017-11-13 16:53",61.4573333333,62.79,64.6,62.57,63.21,45.22,57.03,64.59,61.01
"2017-11-13 16:54",61.806,62.2,63.61,59.04,58.31,62.48,58.51,51.3,61.65
"2017-11-13 16:55",62.1026666667,59.31,60.18,61.78,63.79,57.7,59.83,58.9,54.7
"2017-11-13 16:56",62.214,32.96,56.16,61.44,62.19,59.93,65,63.84,45.62
"2017-11-13 16:57",62.1613333333,38.66,53.73,63.79,64.39,63.98,52.63,55.12,56.44
"2017-11-13 16:58",62.1613333333,53.77,56.13,64.59,58.46,65,57.31,59.56,59.51
"2017-11-13 16:59",62.1666666667,48.84,61.79,63.39,65,64.19,65,62.42,52.41
"2017-11-13 17:00",62.0746666667,54.8,62.38,62.09,63.98,61.04,58.61,61.25,54.81
"2017-11-13 17:01",61.8146666667,43.09,55.64,62.41,62.63,52.48,56.18,62.19,58.36
"2017-11-13 17:02",61.4646666667,36.38,63.78,60.15,63.61,55.8,52.89,60.63,52.36
"2017-11-13 17:03",61.292,57.13,57.86,65,58.92,63.19,44.74,56.44,55.91
"2017-11-13 17:04",61.2246666667,59.51,61.57,63.8,64.8,55.74,44,59.63,55.79
"2017-11-13 17:05",61.152,61.81,63.58,64.4,63.59,62.08,63.81,64.59,45.02
"2017-11-13 17:06",60.9713333333,62.09,62.98,63.99,54.08,62.52,60.52,62.18,51.55
"2017-11-13 17:07",60.6633333333,63.02,61.81,62.78,60.44,60.26,53.87,56.44,62.38
"2017-11-13 17:08",60.5466666667,62.04,63.8,60.99,56.96,53.86,38.26,51.75,64.8
"2017-11-13 17:09",60.458,60.89,64.8,61.77,61.03,50.77,48.17,59.27,60.77
"2017-11-13 17:10",60.222,63.58,64.8,63.19,50.35,45.9,60.76,59.49,56.96
"2017-11-13 17:11",59.8226666667,61.69,64.39,61.81,43.21,36.92,53.9,58.7,54.18
"2017-11-13 17:12",59.4793333333,64.19,64.8,63.99,57.56,44.21,64.19,60.55,42.97
"2017-11-13 17:13",58.9566666667,58.4,62.04,61.01,60.13,29.64,62.44,60.94,56.79
"2017-11-13 17:14",58.1646666667,58.14,62.38,61.45,61.98,12.71,59.03,63,58.15
"2017-11-13 17:15",57.296,60.9,58.5,59.34,63.18,10.15,50.86,64.39,63.09
"2017-11-13 17:16",56.274,61.38,61.83,61.65,63.8,10.98,48.02,56.64,62.09
"2017-11-13 17:17",55.1433333333,44.31,60.45,58.35,61.89,12.9,28.36,58.34,63.6
"2017-11-13 17:18",53.8446666667,65,62.48,60.2,64.8,54.29,18.91,64.19,62.98
"2017-11-13 17:19",52.3426666667,60.46,63.59,63.59,61.52,65,10.82,62.18,62.79
"2017-11-13 17:20",50.7806666667,57.17,60.27,58.9,61.84,65,10.43,63.81,57.64
"2017-11-13 17:21",49.4213333333,59.38,58.71,58.45,64.19,65,10.06,63.19,49.57
"2017-11-13 17:22",48.25,59.9,57.07,51.1,61.32,65,10.07,64.6,61.09
"2017-11-13 17:23",47.1366666667,52.49,59.53,59.75,62.04,65,10.07,64.19,64.2
"2017-11-13 17:24",46.0986666667,56.45,35.52,58.44,61.6,65,10.06,60.53,57.71
"2017-11-13 17:25",44.94,41.51,44.5,61,64.59,10.07,63.99,53.62,55.13
"2017-11-13 17:26",43.89,55.55,45.38,55.44,64.8,12.35,60.56,53.29,59.44
"2017-11-13 17:27",42.854,56.88,29.04,55.86,65,40.19,43.82,59.41,54.86
"2017-11-13 17:28",41.924,57.51,22.86,59.52,65,62.65,55.94,59.14,58.48
"2017-11-13 17:29",41.4853333333,49.08,24.02,44.36,65,55.87,55.8,64.2,58.63
"2017-11-13 17:30",41.15,57.8,21.15,55.06,65,57.36,54.61,64.19,50.77
"2017-11-13 17:31",40.9813333333,59.41,47.4,54.34,65,59.57,51.17,63.99,58.3
"2017-11-13 17:32",40.9046666667,56.09,47.43,60.13,64.8,55.45,39.65,65,55.06
"2017-11-13 17:33",40.946,52.87,47.25,60.03,64.8,64.59,44.81,63,51.06
"2017-11-13 17:34",41.4493333333,57.97,51.12,62.23,64.2,65,57.92,64.8,44.12
"2017-11-13 17:35",41.8773333333,63.99,52.23,63.04,64.8,65,59.24,64.8,55.73
"2017-11-13 17:36",42.0426666667,62.01,47.54,57.7,63.79,63.99,57.37,65,52.57
"2017-11-13 17:37",42.1026666667,61.81,61.62,64.19,62.98,64.59,63.41,63.58,52.3
"2017-11-13 17:38",42.188,60.53,52.7,63.59,62.22,65,65,64.39,50.94
"2017-11-13 17:39",42.5086666667,52.63,55.99,60.68,61.12,64,65,60.3,44.63
"2017-11-13 17:40",43.2473333333,59.12,50.08,60.02,65,65,63.38,55.67,31.64
"2017-11-13 17:41",44.2526666667,52.3,53.28,58.78,56.76,61.84,59.22,61.04,18.39
"2017-11-13 17:42",45.4013333333,50.5,58.36,58.38,62.8,60.23,62.97,52.5,11.01
"2017-11-13 17:43",46.818,62.39,57.33,59.95,65,52.29,61.25,59.62,10.05
"2017-11-13 17:44",48.0786666667,64.59,54.62,61.03,64.6,41.66,52.08,56.96,10.79
"2017-11-13 17:45",49.392,64.8,59.5,53.19,62.99,43.33,62.44,62.6,51.48
"2017-11-13 17:46",50.788,62.77,60.61,57.03,63.99,44.52,59.04,64.8,65
"2017-11-13 17:47",52.154,61.97,55.73,52.88,64.2,55.37,54.24,64.8,65
"2017-11-13 17:48",53.4686666667,61.29,60.92,59.84,61.27,60.39,62.39,63.99,65
"2017-11-13 17:49",54.4133333333,59.68,45.43,57.94,65,51.37,60.3,63.59,65
"2017-11-13 17:50",55.36,62.8,36.19,59.48,62.2,59.61,58.3,64.39,65
"2017-11-13 17:51",56.5106666667,59.36,48.3,48.61,51.7,58.86,53.36,64.59,65
"2017-11-13 17:52",57.5306666667,58.49,45.68,53.89,55.82,54.08,62.39,60.49,65
"2017-11-13 17:53",58.3006666667,55.84,46.93,64.8,50.44,36.39,60.35,62.85,65
"2017-11-13 17:54",58.73,56.12,46.36,64.59,59.43,51.06,54.85,59.56,65
"2017-11-13 17:55",58.982,61.7,60.42,60.44,54.33,41.3,59.07,65,59.32
"2017-11-13 17:56",58.9853333333,61.56,63.59,59.88,53.06,43.38,49.03,65,61.63
"2017-11-13 17:57",58.8446666667,58.02,63.21,54.03,60.01,61.41,40.98,65,64.8
"2017-11-13 17:58",58.4493333333,58.31,63.99,60.82,52.74,58.09,48.33,64.2,62.41
"2017-11-13 17:59",58.1873333333,53.89,59.76,56.12,55.44,61.21,40.11,63.59,59.67
"2017-11-13 18:00",57.9664285714,55.96,60.83,62.41,62.22,61.12,46.41,65,62.8
"2017-11-13 18:01",57.7271428571,46.13,49.7,61.99,64.2,61.79,59.67,65,63.99
"2017-11-13 18:02",57.4007142857,52.36,62.8,62.98,63.22,58.42,53.37,62.61,61.24
"2017-11-13 18:03",57.0085714286,64.2,53.14,62.23,59.69,61.88,64.02,64.8,60.39
"2017-11-13 18:04",56.5557142857,63.79,56.81,58.55,61.03,58.75,63.99,65,62.2
"2017-11-13 18:05",56.49,60.88,61.78,61.82,62.85,60.03,57.62,65,62.8
"2017-11-13 18:06",56.4614285714,60.74,58.58,60.3,63.58,59.91,63.79,65,61.06
"2017-11-13 18:07",56.535,64.8,61.82,56.18,62.82,60.85,63.59,64.02,57.86
"2017-11-13 18:08",56.8892857143,62.8,65,53.85,62.98,59.68,61.99,60.06,57.93
"2017-11-13 18:09",57.3742857143,64.4,64.6,50.36,65,63.79,57.91,65,50.86
"2017-11-13 18:10",57.9214285714,64.59,61.85,62.49,64.6,62.46,65,45.58,42.56
"2017-11-13 18:11",58.6514285714,64.19,58.47,64.19,60.47,62.77,62.69,52.71,45.27
"2017-11-13 18:12",59.445,61.84,63.99,60.9,60.18,63.79,65,57.51,54.44
"2017-11-13 18:13",60.3335714286,63.39,62.8,62.43,48.34,56.51,64.8,63.38,39.54
"2017-11-13 18:14",61.0507142857,62.49,64.39,62.62,59.34,62.77,65,58.15,63.79
"2017-11-13 18:15",61.2913333333,63.43,61.38,63.63,56.27,54.1,60.62,63,63.38
"2017-11-13 18:16",61.666,64.59,53.93,63.23,53.14,61.64,55.74,61.59,64.02
"2017-11-13 18:17",62.1693333333,63,60.63,65,63.98,62.6,63.13,52.12,64.19
"2017-11-13 18:18",62.6446666667,63.21,64.39,62.19,61.64,61.98,61.53,51.85,56.93
"2017-11-13 18:19",63.2453333333,62.39,58.52,55.5,60.65,59.66,52.09,54.72,62.01
"2017-11-13 18:20",63.5966666667,59,64.8,58.41,60.15,57.35,51.38,59.06,61.09
"2017-11-13 18:21",63.9166666667,63.79,62.26,63.99,64.8,62.98,55.49,59.11,61.62
"2017-11-13 18:22",64.2133333333,63.79,56.5,62.24,62.41,62.03,64.19,59.47,56.31
"2017-11-13 18:23",64.3713333333,63.19,49.25,57.93,63.81,62.23,59.71,59.75,63.61
"2017-11-13 18:24",64.498,60.23,59.02,56.46,64.19,63.78,61.89,62.41,65
"2017-11-13 18:25",64.61,64.02,60.83,65,63.23,57.76,62.78,64.39,63.79
"2017-11-13 18:26",64.7766666667,64.8,57.92,64.59,61.04,41.27,62.79,63.18,64.02
"2017-11-13 18:27",64.8053333333,61.85,61.41,64.39,64.39,36.35,61,64.19,64.59
"2017-11-13 18:28",64.6933333333,59.21,63.19,63.81,62.45,32.56,62,64.8,59.82
"2017-11-13 18:29",64.6833333333,61.97,59.92,62.63,62.26,47.66,61.06,60.27,62.98
"2017-11-13 18:30",64.7706666667,60.81,57.82,61.27,59.76,53.96,62.58,62.46,65
"2017-11-13 18:31",64.9493333333,63.6,60,63.19,64.39,56.72,63.78,63.58,65
"2017-11-13 18:32",65.106,58.09,59.31,62.58,63.39,62.41,59.95,61.29,65
"2017-11-13 18:33",65.3446666667,62.39,61.2,63.58,62.48,52.69,63.99,64.8,65
"2017-11-13 18:34",65.5246666667,61.15,61.7,64.39,64.19,55.56,63.59,62.39,64
"2017-11-13 18:35",65.804,61.85,62.61,64,64.6,56.4,64.59,62.42,46.21
"2017-11-13 18:36",66.0486666667,55.19,64,64.8,63.58,65,64.8,64.39,63.19
"2017-11-13 18:37",66.26,53.82,65,63.98,64.8,65,64,63.2,63.22
"2017-11-13 18:38",66.4913333333,55.57,63.19,63.22,63.21,65,64.8,65,63.02
"2017-11-13 18:39",66.7733333333,63.58,63.8,59.78,63.61,65,63.79,63.6,63.41
"2017-11-13 18:40",66.9266666667,65,64.19,64.39,65,61.29,63.81,64.8,56
"2017-11-13 18:41",66.992,62.85,63.99,61.96,65,61.89,58.23,64.8,53.55
"2017-11-13 18:42",66.9693333333,64.19,64.6,62.43,65,63.38,58.36,62.61,59.1
"2017-11-13 18:43",67.0553333333,61.78,65,63.79,65,63.41,61.81,63.99,56.66
"2017-11-13 18:44",67.0833333333,62.6,61.09,63.78,65,64.19,51.86,64.2,65
"2017-11-13 18:45",67.1628571429,65,62.2,60.97,65,56.65,53.28,61.44,63.61
"2017-11-13 18:46",67.2978571429,60.86,63.18,63.18,65,42.92,62.45,58.62,64.39
"2017-11-13 18:47",67.4371428571,59.57,65,61.61,62.63,44.64,62.97,63.84,64.19
"2017-11-13 18:48",67.5264285714,63.23,63.03,60.34,61.29,53.96,58.55,61.59,63.79
"2017-11-13 18:49",67.6207142857,63,64.19,63.79,61.22,62.4,52.97,59.06,63.41
"2017-11-13 18:50",67.5942857143,61.78,65,55.89,61.97,59.52,63.99,63.38,61.75
"2017-11-13 18:51",67.6642857143,60.82,59,56.96,62.37,62.26,62.39,62.43,64.39
"2017-11-13 18:52",67.78,61.92,63.79,61.29,60.85,62.24,63.81,61.01,64.8
"2017-11-13 18:53",67.9678571429,61.51,63.19,63.58,63.99,63.99,62.79,56.31,64.8
"2017-11-13 18:54",68.0678571429,62.2,64.8,65,63.8,64.8,63.61,56.82,63.39
"2017-11-13 18:55",68.1128571429,62.23,64.39,63.21,64.19,62.8,60.64,61.38,61.67
"2017-11-13 18:56",68.1892857143,61,64.19,64.19,65,64.19,63.19,63.19,60.29
"2017-11-13 18:57",68.3171428571,62.84,60.1,64.39,63.21,63.4,64.02,61.77,53.14
"2017-11-13 18:58",68.4292857143,61.82,64.4,62.62,62.78,60.18,63,63.38,64.39
"2017-11-13 18:59",68.5235714286,64.59,64.59,65,63.79,61.61,63.39,65,58.77
"2017-11-13 19:00",68.514,64.59,64.8,64.59,65,61.82,63.41,63.2,62.22
"2017-11-13 19:01",68.446,61.98,63.6,62.98,64.39,64.59,65,65,64.39
"2017-11-13 19:02",68.3986666667,65,64.8,63.58,62.12,62.8,65,63.61,64.02
"2017-11-13 19:03",68.46,65,63.25,63.99,58.98,61.42,64.8,63.79,63.19
"2017-11-13 19:04",68.514,64.59,64.19,64.39,63.02,63.98,63.41,65,65
"2017-11-13 19:05",68.6333333333,61.04,64.39,64.8,64,62.02,64.39,62.52,63.79
"2017-11-13 19:06",68.5793333333,64.39,64.39,64.8,65,64.2,65,65,61.88
"2017-11-13 19:07",68.4926666667,64.8,64.39,63.99,65,61.48,64,62.58,63.18
"2017-11-13 19:08",68.45,64.4,64.6,62.81,64.8,65,63.19,63.79,64
"2017-11-13 19:09",68.4513333333,65,64.8,64.8,64.59,64.6,63.81,62.97,62.85
"2017-11-13 19:10",68.4764285714,64.39,64.39,64.19,63.61,64.39,64,62.97,63.25
"2017-11-13 19:11",68.4721428571,63.79,65,64.59,64.8,65,61.25,65,61.85
"2017-11-13 19:12",68.5014285714,61.27,64.39,65,63.58,63.98,64.59,65,62
"2017-11-13 19:13",68.495,65,64.39,65,63.99,64.39,64.39,64,65
"2017-11-13 19:14",68.5057142857,64.8,63.98,64.8,64.39,63.2,63.79,63.38,65
"2017-11-13 19:15",68.4657142857,63.18,65,65,65,63.19,64.39,65,65
"2017-11-13 19:16",68.415,64.8,65,63.79,64.39,64.59,64.8,64.8,65
"2017-11-13 19:17",68.3742857143,64.8,63.59,65,64.8,64.2,62.82,64.39,64.8
"2017-11-13 19:18",68.2164285714,64.8,62.78,65,63.79,64.19,65,65,65
"2017-11-13 19:19",68.0971428571,64.8,63.99,65,65,63.81,63.98,65,64.8
"2017-11-13 19:20",68.0292857143,65,64.39,64.8,65,65,65,64.6,59.85
"2017-11-13 19:21",68.0357142857,64.6,65,65,64.39,64.59,64,64.19,62.85
"2017-11-13 19:22",68.1057142857,64.19,64.59,65,64.59,64.39,63.84,63.58,63.58
"2017-11-13 19:23",68.0235714286,65,64.59,65,64.39,63.99,65,65,65
"2017-11-13 19:24",67.9771428571,65,65,65,64.19,65,65,65,64.59
"2017-11-13 19:25",67.9553333333,64.8,63.21,64.02,64.39,64.59,65,64.6,64.8
"2017-11-13 19:26",67.8346666667,64.8,64.59,65,63.99,64.8,64.39,64.8,65
"2017-11-13 19:27",67.816,64.39,65,65,62.79,65,64.59,64.8,62.42
"2017-11-13 19:28",67.8353333333,64.19,65,63.59,65,64.39,62.99,64.8,65
"2017-11-13 19:29",67.8626666667,65,64.8,63.79,64.59,64.8,64.8,64.8,65
"2017-11-13 19:30",67.9813333333,64.59,65,64.39,64.59,64.8,64.59,65,65
"2017-11-13 19:31",68.13,63.84,64.8,63.21,65,65,64.8,64.39,65
"2017-11-13 19:32",68.2806666667,65,64.39,63.59,64.8,65,65,65,65
"2017-11-13 19:33",68.5333333333,65,63.99,64.8,64.59,64.8,65,65,65
"2017-11-13 19:34",68.7093333333,65,63.79,64.8,65,64.8,65,65,65
"2017-11-13 19:35",68.7846666667,65,64.02,64.19,65,65,63.23,65,64.8
"2017-11-13 19:36",68.9093333333,65,64.19,64.8,65,64.8,65,63.81,65
"2017-11-13 19:37",68.9966666667,65,65,65,64.8,65,65,65,65
"2017-11-13 19:38",69.0773333333,64.39,64.8,65,65,65,65,65,65
"2017-11-13 19:39",69.1093333333,65,64.8,64.8,65,65,64.59,63.41,65
"2017-11-13 19:40",69.082,65,65,64.59,65,65,64,64.39,64
"2017-11-13 19:41",69.1666666667,65,65,63.98,64.59,65,64.39,64.59,64.39
"2017-11-13 19:42",69.264,65,65,65,65,65,63.22,64.59,65
"2017-11-13 19:43",69.238,64.19,64.8,65,65,64.59,65,65,64.8
"2017-11-13 19:44",69.2373333333,65,65,64,64.59,65,65,65,63.99
"2017-11-13 19:45",69.1473333333,65,64.8,64.8,65,64.8,62.63,65,64.59
"2017-11-13 19:46",69.066,65,65,65,65,65,65,63.99,64.39
"2017-11-13 19:47",68.8886666667,65,65,65,64.39,65,64.8,63.99,64.59
"2017-11-13 19:48",68.654,64.8,65,64.8,65,64.8,65,64.6,64.8
"2017-11-13 19:49",68.5046666667,65,64.8,64.8,65,65,65,65,63.99
"2017-11-13 19:50",68.5286666667,65,64.39,65,63.19,65,65,65,65
"2017-11-13 19:51",68.4373333333,64.6,65,65,64.59,65,65,65,65
"2017-11-13 19:52",68.344,63.79,65,64.39,64.8,65,65,65,65
"2017-11-13 19:53",68.376,64.39,63.79,65,65,65,65,64.39,64.8
"2017-11-13 19:54",68.366,65,64.8,65,64.19,65,65,64.8,65
"2017-11-13 19:55",68.4946666667,64.39,65,64.4,65,65,65,65,Inf
"2017-11-13 19:56",68.532,63.98,65,65,65,64.39,64.8,64.02,Inf
"2017-11-13 19:57",68.4828571429,65,64.8,64.19,64.59,65,64.39,65,Inf
"2017-11-13 19:58",68.6326666667,63.06,65,65,65,65,65,63.46,Inf
"2017-11-13 19:59",68.6633333333,65,64.8,65,65,65,65,65,Inf
"2017-11-13 20:00",68.6833333333,65,65,65,65,65,64.8,65,Inf
"2017-11-13 20:01",68.75,64.8,64.59,65,64.39,64.8,65,64.59,Inf
"2017-11-13 20:02",68.85,64.39,65,65,65,64.8,65,65,Inf
"2017-11-13 20:03",68.902,64.59,65,65,62.63,64.59,63.6,65,Inf
"2017-11-13 20:04",68.916,64.59,65,65,65,65,65,65,Inf
"2017-11-13 20:05",68.7546666667,65,65,65,64.8,64.59,65,65,Inf
"2017-11-13 20:06",68.7513333333,63.79,65,64.6,65,62.83,65,64.8,Inf
"2017-11-13 20:07",68.7726666667,65,64.6,65,65,65,65,65,Inf
"2017-11-13 20:08",68.7706666667,65,64.8,65,65,64.39,65,65,Inf
"2017-11-13 20:09",68.7628571429,65,65,65,64.8,65,65,65,Inf
"2017-11-13 20:10",68.9653333333,65,65,64.39,65,65,65,Inf,65
"2017-11-13 20:11",69.048,64.8,65,64.8,65,65,64.39,Inf,65
"2017-11-13 20:12",69.102,65,64.59,65,64.8,65,65,Inf,65
"2017-11-13 20:13",69.1546666667,65,65,65,65,65,65,Inf,65
"2017-11-13 20:14",69.1585714286,65,65,65,65,65,65,Inf,65
"2017-11-13 20:15",69.1864285714,65,65,65,65,65,65,Inf,65
"2017-11-13 20:16",69.1771428571,65,65,65,65,65,65,Inf,65
"2017-11-13 20:17",69.1921428571,65,65,65,65,64.59,65,Inf,65
"2017-11-13 20:18",69.1607142857,65,64.39,65,64.39,64.59,65,Inf,65
"2017-11-13 20:19",69.2307142857,65,65,65,65,65,65,Inf,65
"2017-11-13 20:20",69.3864285714,65,65,65,65,65,65,Inf,65
"2017-11-13 20:21",69.4885714286,64.8,65,65,64.59,65,65,Inf,65
"2017-11-13 20:22",69.6071428571,65,65,65,65,65,63.79,Inf,65
"2017-11-13 20:23",69.6078571429,64.59,65,65,65,65,65,Inf,65
"2017-11-13 20:24",69.4921428571,65,65,65,64.02,65,65,Inf,65
"2017-11-13 20:25",69.3514285714,65,65,65,65,64.8,Inf,65,64.2
"2017-11-13 20:26",69.2535714286,65,65,65,65,64.8,Inf,65,64.39
"2017-11-13 20:27",69.125,64.8,65,65,65,65,Inf,65,65
"2017-11-13 20:28",68.965,65,64.59,65,65,65,Inf,65,65
"2017-11-13 20:29",68.94,65,65,65,64.8,65,Inf,65,65
"2017-11-13 20:30",68.922,64.6,65,64.8,65,64.8,Inf,65,65
"2017-11-13 20:31",68.9253333333,65,65,65,65,65,Inf,65,65
"2017-11-13 20:32",68.9586666667,65,65,65,65,65,Inf,65,64.8
"2017-11-13 20:33",69.0613333333,63.79,65,65,65,65,Inf,65,65
"2017-11-13 20:34",69.1426666667,65,65,64.39,65,65,Inf,64.8,65
"2017-11-13 20:35",69.2113333333,65,65,65,65,65,Inf,64.8,64.8
"2017-11-13 20:36",69.1707142857,64.02,65,65,65,65,Inf,65,65
"2017-11-13 20:37",69.195,64.8,64.59,64.02,64.8,65,Inf,64.39,64.8
"2017-11-13 20:38",69.26,65,65,63.63,65,64.59,Inf,65,65
"2017-11-13 20:39",69.3964285714,65,65,65,65,64.59,Inf,65,65
"2017-11-13 20:40",69.5064285714,65,64.8,65,65,Inf,65,65,65
"2017-11-13 20:41",69.5978571429,65,65,65,65,Inf,65,65,65
"2017-11-13 20:42",69.6407142857,65,65,65,64.59,Inf,65,65,64.39
"2017-11-13 20:43",69.7821428571,65,65,65,65,Inf,65,65,65
"2017-11-13 20:44",69.7828571429,65,65,65,65,Inf,65,65,65
"2017-11-13 20:45",69.8214285714,65,65,65,65,Inf,65,64.39,65
"2017-11-13 20:46",69.8671428571,65,65,65,65,Inf,65,65,65
"2017-11-13 20:47",69.8814285714,65,64.59,65,64.8,Inf,65,65,65
"2017-11-13 20:48",69.8885714286,65,65,65,65,Inf,65,65,64.8
"2017-11-13 20:49",69.8357142857,65,65,65,64.59,Inf,64.8,65,65
"2017-11-13 20:50",69.7007142857,64.59,64.8,65,65,Inf,64.39,65,65
"2017-11-13 20:51",69.5786666667,65,65,64.8,65,Inf,65,65,65
"2017-11-13 20:52",69.4513333333,65,65,64.8,65,Inf,65,65,63.6
"2017-11-13 20:53",69.3313333333,65,65,65,65,Inf,65,65,65
"2017-11-13 20:54",69.2826666667,65,65,65,65,Inf,65,65,65
"2017-11-13 20:55",69.2246666667,65,65,65,Inf,65,65,65,65
"2017-11-13 20:56",69.2113333333,65,65,65,Inf,64.59,65,65,64.8
"2017-11-13 20:57",69.2486666667,65,65,65,Inf,64.8,65,65,65
"2017-11-13 20:58",69.1393333333,65,65,64.8,Inf,65,65,65,65
"2017-11-13 20:59",69.1778571429,65,65,65,Inf,65,65,65,64.8
"2017-11-13 21:00",69.06,65,65,65,Inf,65,64.59,65,65
"2017-11-13 21:01",68.8257142857,65,65,65,Inf,65,65,65,65
"2017-11-13 21:02",68.6114285714,65,65,65,Inf,65,65,64.59,65
"2017-11-13 21:03",68.4221428571,65,65,65,Inf,65,65,64.8,65
"2017-11-13 21:04",68.265,65,64.8,65,Inf,65,65,65,65
"2017-11-13 21:05",68.17,65,65,65,Inf,65,65,64.8,65
"2017-11-13 21:06",68.1542857143,65,64.59,64.59,Inf,65,65,65,65
"2017-11-13 21:07",68.07,65,65,65,Inf,65,65,65,65
"2017-11-13 21:08",68.085,65,65,65,Inf,65,65,65,65
"2017-11-13 21:09",68.0535714286,65,65,65,Inf,65,65,65,64.8
"2017-11-13 21:10",68.085,64.8,65,Inf,65,65,64.8,65,65
"2017-11-13 21:11",68.0635714286,64.8,64.19,Inf,65,65,65,65,65
"2017-11-13 21:12",67.9557142857,65,65,Inf,65,65,65,65,65
"2017-11-13 21:13",67.9142857143,65,65,Inf,65,65,65,65,65
"2017-11-13 21:14",68.0226666667,65,65,Inf,65,65,64.39,65,65
"2017-11-13 21:15",68.1193333333,65,65,Inf,64.2,64.8,65,65,65
"2017-11-13 21:16",68.3073333333,65,65,Inf,65,65,65,65,64.8
"2017-11-13 21:17",68.436,65,65,Inf,65,65,65,65,65
"2017-11-13 21:18",68.4506666667,65,65,Inf,65,65,65,65,65
"2017-11-13 21:19",68.4813333333,65,65,Inf,65,65,65,65,63.6
"2017-11-13 21:20",68.5066666667,65,64.39,Inf,65,65,64.8,65,65
"2017-11-13 21:21",68.4626666667,65,65,Inf,65,65,65,65,65
"2017-11-13 21:22",68.4133333333,65,65,Inf,65,65,65,65,65
"2017-11-13 21:23",68.2786666667,65,65,Inf,64.8,65,65,65,65
"2017-11-13 21:24",68.1726666667,65,65,Inf,65,65,65,65,65
"2017-11-13 21:25",68.118,65,Inf,65,65,65,65,65,65
"2017-11-13 21:26",68.0226666667,65,Inf,65,65,65,65,65,65
"2017-11-13 21:27",67.9893333333,65,Inf,65,65,65,65,65,65
"2017-11-13 21:28",67.978,65,Inf,65,65,65,65,65,65
"2017-11-13 21:29",67.916,65,Inf,65,65,65,65,65,65
"2017-11-13 21:30",67.848,64.59,Inf,65,65,65,65,65,65
"2017-11-13 21:31",67.7186666667,65,Inf,65,65,64.2,65,65,65
"2017-11-13 21:32",67.6993333333,65,Inf,65,64.8,65,65,65,65
"2017-11-13 21:33",67.7526666667,65,Inf,65,65,64.8,65,65,65
"2017-11-13 21:34",67.8373333333,65,Inf,65,65,65,65,65,65
"2017-11-13 21:35",67.9113333333,65,Inf,65,65,65,65,65,65
"2017-11-13 21:36",68.0473333333,65,Inf,65,65,65,65,65,65
"2017-11-13 21:37",68.132,65,Inf,65,65,65,65,65,65
"2017-11-13 21:38",68.2233333333,65,Inf,65,65,65,63.58,65,65
"2017-11-13 21:39",68.28,65,Inf,65,65,65,65,65,65
"2017-11-13 21:40",68.2586666667,Inf,65,65,65,65,65,64.8,65
"2017-11-13 21:41",68.366,Inf,65,65,65,65,65,65,65
"2017-11-13 21:42",68.5226666667,Inf,65,65,65,65,65,65,65
"2017-11-13 21:43",68.5873333333,Inf,65,65,65,65,65,65,65
"2017-11-13 21:44",68.5326666667,Inf,65,65,65,65,65,65,64.59
"2017-11-13 21:45",68.5193333333,Inf,65,65,65,65,65,65,65
"2017-11-13 21:46",68.5186666667,Inf,64.8,65,65,65,65,65,65
"2017-11-13 21:47",68.584,Inf,65,65,65,65,65,65,64.59
"2017-11-13 21:48",68.6826666667,Inf,65,65,65,65,65,65,65
"2017-11-13 21:49",68.7526666667,Inf,65,65,65,65,65,65,65
"2017-11-13 21:50",68.7906666667,Inf,65,65,65,65,65,65,65
"2017-11-13 21:51",68.8326666667,Inf,65,65,65,65,65,65,65
"2017-11-13 21:52",69.0346666667,Inf,65,65,65,65,65,65,65
"2017-11-13 21:53",69.2126666667,Inf,65,65,65,65,65,65,65
"2017-11-13 21:54",69.358,Inf,65,65,65,65,64.19,65,65
"2017-11-13 21:55",69.392,65,65,65,65,65,65,65,65
"2017-11-13 21:56",69.3153333333,65,65,65,65,65,65,65,65
"2017-11-13 21:57",69.2313333333,65,65,65,65,65,65,65,65
"2017-11-13 21:58",69.1786666667,65,65,65,65,65,65,65,65
"2017-11-13 21:59",69.226,65,65,65,65,65,65,65,65
"2017-11-13 22:00",69.2953333333,65,65,65,65,65,65,65,65
"2017-11-13 22:01",69.4473333333,65,65,65,65,65,65,65,65
"2017-11-13 22:02",69.4913333333,65,65,65,65,65,64.8,65,65
"2017-11-13 22:03",69.5726666667,65,65,65,65,65,65,65,65
"2017-11-13 22:04",69.6293333333,65,65,65,65,65,65,65,65
"2017-11-13 22:05",69.6346666667,65,65,65,65,65,65,65,65
"2017-11-13 22:06",69.588,65,65,65,65,65,65,65,65
"2017-11-13 22:07",69.4313333333,65,65,65,65,64.39,65,65,65
"2017-11-13 22:08",69.246,65,65,65,65,65,65,65,65
"2017-11-13 22:09",69.1106666667,65,65,65,65,65,65,65,65
"2017-11-13 22:10",69.148,65,65,65,65,65,65,65,65
"2017-11-13 22:11",69.2946666667,65,65,65,65,65,65,65,65
"2017-11-13 22:12",69.42,65,65,65,65,65,65,65,65
"2017-11-13 22:13",69.642,65,65,65,65,65,65,65,65
"2017-11-13 22:14",69.778,65,65,65,65,65,65,65,65
"2017-11-13 22:15",69.802,65,65,65,65,65,65,65,65
"2017-11-13 22:16",69.808,65,65,65,65,65,65,65,65
"2017-11-13 22:17",69.91,65,65,65,65,65,65,65,65
"2017-11-13 22:18",69.9086666667,65,65,65,65,65,65,65,65
"2017-11-13 22:19",69.88,65,65,65,65,65,65,65,65
"2017-11-13 22:20",69.9473333333,65,65,65,65,65,65,65,65
"2017-11-13 22:21",69.9946666667,65,65,65,65,65,65,65,65
"2017-11-13 22:22",69.984,65,65,65,65,65,65,65,65
"2017-11-13 22:23",69.97,65,65,65,65,65,65,65,65
"2017-11-13 22:24",69.97,65,65,65,65,65,65,65,65
"2017-11-13 22:25",69.9793333333,65,65,65,65,65,65,65,65
"2017-11-13 22:26",69.9553333333,65,65,65,65,65,65,65,65
"2017-11-13 22:27",69.8833333333,65,65,65,65,65,65,64.59,65
"2017-11-13 22:28",69.6773333333,65,65,65,65,65,65,65,65
"2017-11-13 22:29",69.496,65,65,65,65,65,65,65,65
"2017-11-13 22:30",69.3626666667,65,65,65,65,65,65,65,65
"2017-11-13 22:31",69.2206666667,65,65,65,65,65,65,65,65
"2017-11-13 22:32",68.9886666667,65,65,64.59,65,65,65,65,65
"2017-11-13 22:33",68.8313333333,65,65,65,65,65,65,65,65
"2017-11-13 22:34",68.698,65,65,65,65,65,65,65,65
"2017-11-13 22:35",68.5713333333,65,65,65,65,65,65,65,65
"2017-11-13 22:36",68.5006666667,65,65,65,65,65,65,65,65
"2017-11-13 22:37",68.494,65,65,65,64.8,65,65,65,65
"2017-11-13 22:38",68.5413333333,65,65,65,65,65,65,65,65
"2017-11-13 22:39",68.5686666667,65,65,65,65,65,64.59,65,65
"2017-11-13 22:40",68.5086666667,65,65,65,65,65,65,65,65
"2017-11-13 22:41",68.4133333333,65,65,65,65,65,65,65,65
"2017-11-13 22:42",68.4606666667,65,65,65,65,65,65,65,65
"2017-11-13 22:43",68.564,65,65,65,65,65,65,65,65
"2017-11-13 22:44",68.708,65,65,65,65,65,65,65,65
"2017-11-13 22:45",68.8026666667,65,65,65,65,65,65,65,65
"2017-11-13 22:46",68.982,65,65,65,65,65,65,65,65
"2017-11-13 22:47",69.068,65,65,65,65,65,65,65,65
"2017-11-13 22:48",69.182,65,65,65,65,65,65,65,65
"2017-11-13 22:49",69.322,65,65,65,65,65,65,65,65
"2017-11-13 22:50",69.37,65,65,65,65,65,65,65,65
"2017-11-13 22:51",69.4573333333,65,65,65,65,65,65,65,65
"2017-11-13 22:52",69.5533333333,65,65,65,65,65,65,65,65
"2017-11-13 22:53",69.594,65,65,65,65,65,65,65,65
"2017-11-13 22:54",69.5553333333,65,65,65,65,65,65,65,65
"2017-11-13 22:55",69.5353333333,65,65,65,65,65,65,65,65
"2017-11-13 22:56",69.48,65,65,65,65,65,65,65,65
"2017-11-13 22:57",69.35,65,65,65,65,65,65,65,65
"2017-11-13 22:58",69.2253333333,65,65,65,65,65,65,65,65
"2017-11-13 22:59",69.064,65,65,65,65,65,65,65,65
"2017-11-13 23:00",69.0286666667,65,65,65,65,65,65,65,65
"2017-11-13 23:01",68.818,65,65,65,65,65,65,65,65
"2017-11-13 23:02",68.6666666667,65,65,65,65,65,65,65,65
"2017-11-13 23:03",68.496,65,65,65,65,65,65,65,65
"2017-11-13 23:04",68.2846666667,65,65,65,65,65,65,65,65
"2017-11-13 23:05",68.1373333333,65,65,65,65,65,65,65,65
"2017-11-13 23:06",67.9386666667,65,65,65,65,65,65,65,65
"2017-11-13 23:07",67.75,65,65,65,65,65,65,65,65
"2017-11-13 23:08",67.68,65,65,65,65,65,65,65,65
"2017-11-13 23:09",67.644,65,65,65,65,65,65,65,65
"2017-11-13 23:10",67.6373333333,65,65,65,65,65,65,65,65
"2017-11-13 23:11",67.6593333333,65,65,65,65,65,65,65,65
"2017-11-13 23:12",67.6333333333,65,65,65,65,65,65,65,65
"2017-11-13 23:13",67.6193333333,65,65,65,65,65,65,65,65
"2017-11-13 23:14",67.6446666667,65,65,65,65,65,65,65,65
"2017-11-13 23:15",67.71,65,65,65,65,65,65,65,65
"2017-11-13 23:16",67.838,65,65,65,65,65,65,65,65
"2017-11-13 23:17",67.984,65,65,65,65,65,65,65,65
"2017-11-13 23:18",68.162,65,65,65,65,65,65,65,65
"2017-11-13 23:19",68.3526666667,65,65,65,65,65,65,65,65
"2017-11-13 23:20",68.5673333333,65,65,65,65,65,65,65,65
"2017-11-13 23:21",68.7593333333,65,65,65,65,65,65,65,65
"2017-11-13 23:22",68.918,65,65,65,65,65,65,65,65
"2017-11-13 23:23",68.9906666667,65,65,65,65,65,65,65,65
"2017-11-13 23:24",69.0466666667,65,65,65,65,65,65,65,65
"2017-11-13 23:25",69.074,65,65,65,65,65,65,65,65
"2017-11-13 23:26",69.16,65,65,65,65,65,65,65,65
"2017-11-13 23:27",69.354,65,65,65,65,65,65,65,65
"2017-11-13 23:28",69.5346666667,65,65,65,65,65,65,65,65
"2017-11-13 23:29",69.6753333333,65,65,65,65,65,65,65,65
"2017-11-13 23:30",69.682,65,65,65,65,65,65,65,65
"2017-11-13 23:31",69.7473333333,65,65,65,65,65,65,65,65
"2017-11-13 23:32",69.7913333333,65,65,65,65,65,65,65,65
"2017-11-13 23:33",69.7793333333,65,65,65,65,65,65,65,65
"2017-11-13 23:34",69.7466666667,65,65,65,65,65,65,65,65
"2017-11-13 23:35",69.6206666667,65,65,65,65,65,65,65,65
"2017-11-13 23:36",69.5253333333,65,65,65,65,65,65,65,65
"2017-11-13 23:37",69.4226666667,65,65,65,65,65,65,65,65
"2017-11-13 23:38",69.3,65,65,65,65,65,65,65,65
"2017-11-13 23:39",69.202,65,65,65,65,65,65,65,65
"2017-11-13 23:40",69.076,65,65,65,65,65,65,65,65
"2017-11-13 23:41",68.928,65,65,65,65,65,65,65,65
"2017-11-13 23:42",68.698,65,65,65,65,65,65,65,65
"2017-11-13 23:43",68.5486666667,65,65,65,65,65,65,65,65
"2017-11-13 23:44",68.4053333333,65,65,65,65,65,65,65,65
"2017-11-13 23:45",68.3433333333,65,65,65,65,65,65,65,65
"2017-11-13 23:46",68.1773333333,65,65,65,65,65,65,65,65
"2017-11-13 23:47",68.0253333333,65,65,65,65,65,65,65,65
"2017-11-13 23:48",67.9646666667,65,65,65,65,65,65,65,65
"2017-11-13 23:49",67.9133333333,65,65,65,65,65,65,65,65
"2017-11-13 23:50",67.966,65,65,65,65,65,65,65,65
"2017-11-13 23:51",68.0933333333,65,65,65,65,65,65,65,65
"2017-11-13 23:52",68.2146666667,65,65,65,65,65,65,65,65
"2017-11-13 23:53",68.372,65,65,65,65,65,65,65,65
"2017-11-13 23:54",68.4973333333,65,65,65,65,65,65,65,65
"2017-11-13 23:55",68.652,65,65,65,65,65,65,65,65
"2017-11-13 23:56",68.8146666667,65,65,65,65,65,65,65,65
"2017-11-13 23:57",69.0246666667,65,65,65,65,65,65,65,65
"2017-11-13 23:58",69.1506666667,65,65,65,65,65,65,65,65
"2017-11-13 23:59",69.288,65,65,65,65,65,65,65,65
