"date","vol_det","vol_pred_15","vol_pred_30","vol_pred_45","vol_pred_60","vol_pred_75","vol_pred_90","vol_pred_105","vol_pred_120"
"2017-11-13 00:00",13.2,27,27,32,25,29,28,18,26
"2017-11-13 00:01",13.2,30,32,25,24,28,31,31,25
"2017-11-13 00:02",13.2,30,24,29,29,27,20,35,29
"2017-11-13 00:03",13.2,32,20,22,25,21,33,21,21
"2017-11-13 00:04",13.2,24,40,18,26,21,25,22,25
"2017-11-13 00:05",14.6,25,32,34,22,21,39,26,33
"2017-11-13 00:06",14.6,18,21,26,31,27,22,22,23
"2017-11-13 00:07",14.6,19,23,29,27,29,26,25,27
"2017-11-13 00:08",14.6,27,22,27,20,27,18,26,36
"2017-11-13 00:09",14.6,23,25,24,32,26,24,15,23
"2017-11-13 00:10",20,26,22,32,24,23,32,24,26
"2017-11-13 00:11",20,25,24,23,28,30,33,34,26
"2017-11-13 00:12",20,24,23,22,21,26,25,27,26
"2017-11-13 00:13",20,24,23,24,25,23,19,18,27
"2017-11-13 00:14",20,18,26,23,21,25,26,24,32
"2017-11-13 00:15",18.8,23,27,15,26,25,21,30,25
"2017-11-13 00:16",18.8,22,26,16,18,25,15,28,21
"2017-11-13 00:17",18.8,24,15,18,22,19,18,22,27
"2017-11-13 00:18",18.8,16,25,24,17,21,16,11,11
"2017-11-13 00:19",18.8,15,26,25,22,21,11,15,22
"2017-11-13 00:20",15.2,22,16,12,17,15,16,13,19
"2017-11-13 00:21",15.2,23,22,18,22,16,18,19,15
"2017-11-13 00:22",15.2,24,15,13,20,20,16,23,28
"2017-11-13 00:23",15.2,22,25,26,24,18,21,23,15
"2017-11-13 00:24",15.2,21,10,13,24,16,12,13,16
"2017-11-13 00:25",12.8,9,19,20,29,21,17,23,21
"2017-11-13 00:26",12.8,18,18,25,17,20,17,11,14
"2017-11-13 00:27",12.8,19,13,17,20,20,17,19,14
"2017-11-13 00:28",12.8,16,15,20,20,14,12,28,21
"2017-11-13 00:29",12.8,21,16,23,17,17,17,17,22
"2017-11-13 00:30",11.6,18,16,18,23,12,19,22,12
"2017-11-13 00:31",11.6,14,12,15,20,17,14,22,17
"2017-11-13 00:32",11.6,14,17,15,24,16,17,21,19
"2017-11-13 00:33",11.6,14,20,13,16,16,18,18,17
"2017-11-13 00:34",11.6,20,24,17,19,19,17,17,17
"2017-11-13 00:35",12,26,21,16,13,11,15,21,15
"2017-11-13 00:36",12,19,12,11,15,16,24,22,11
"2017-11-13 00:37",12,16,17,19,17,21,18,12,19
"2017-11-13 00:38",12,12,17,26,11,14,13,27,21
"2017-11-13 00:39",12,16,18,12,19,15,12,16,22
"2017-11-13 00:40",12.4,21,14,14,27,13,23,16,22
"2017-11-13 00:41",12.4,20,14,18,19,14,22,23,13
"2017-11-13 00:42",12.4,23,14,11,20,15,12,18,22
"2017-11-13 00:43",12.4,19,17,20,17,20,16,22,11
"2017-11-13 00:44",12.4,7,12,30,10,18,12,13,18
"2017-11-13 00:45",12,22,10,17,18,20,15,18,14
"2017-11-13 00:46",12,22,9,15,17,18,14,19,22
"2017-11-13 00:47",12,23,17,12,18,15,15,22,19
"2017-11-13 00:48",12,19,24,14,15,23,17,16,17
"2017-11-13 00:49",12,18,17,16,13,23,20,21,13
"2017-11-13 00:50",10.4,16,22,11,23,25,18,14,27
"2017-11-13 00:51",10.4,11,16,21,24,26,18,21,13
"2017-11-13 00:52",10.4,13,8,9,18,16,16,18,19
"2017-11-13 00:53",10.4,20,13,20,11,21,20,14,18
"2017-11-13 00:54",10.4,25,17,13,25,28,16,14,20
"2017-11-13 00:55",9.2,14,14,11,14,15,9,16,15
"2017-11-13 00:56",9.2,18,16,20,21,18,28,16,20
"2017-11-13 00:57",9.2,14,14,18,17,10,18,14,18
"2017-11-13 00:58",9.2,14,16,8,16,12,11,22,18
"2017-11-13 00:59",9.2,11,23,17,12,17,15,19,17
"2017-11-13 01:00",8.8,12,15,11,20,13,20,24,18
"2017-11-13 01:01",8.8,17,25,14,18,18,11,25,14
"2017-11-13 01:02",8.8,24,18,12,16,19,13,24,15
"2017-11-13 01:03",8.8,14,11,15,12,13,15,11,15
"2017-11-13 01:04",8.8,17,15,22,21,16,20,20,17
"2017-11-13 01:05",9.2,22,12,13,17,18,14,16,14
"2017-11-13 01:06",9.2,16,7,15,25,24,10,9,19
"2017-11-13 01:07",9.2,16,21,18,20,17,22,19,14
"2017-11-13 01:08",9.2,15,15,25,12,12,13,16,23
"2017-11-13 01:09",9.2,13,18,20,16,13,15,17,25
"2017-11-13 01:10",12.2,12,17,16,19,20,22,18,15
"2017-11-13 01:11",12.2,23,14,8,10,16,15,19,13
"2017-11-13 01:12",12.2,17,31,20,16,21,16,13,18
"2017-11-13 01:13",12.2,15,16,11,13,21,8,19,15
"2017-11-13 01:14",12.2,15,16,11,14,10,8,11,13
"2017-11-13 01:15",10.8,17,13,19,12,12,16,17,12
"2017-11-13 01:16",10.8,12,19,16,20,14,17,10,13
"2017-11-13 01:17",10.8,13,16,8,11,7,14,12,15
"2017-11-13 01:18",10.8,12,19,13,13,12,16,14,7
"2017-11-13 01:19",10.8,10,13,11,16,12,10,15,12
"2017-11-13 01:20",8.6,13,9,8,13,5,13,8,13
"2017-11-13 01:21",8.6,10,8,15,14,13,18,8,7
"2017-11-13 01:22",8.6,15,8,9,22,10,8,15,8
"2017-11-13 01:23",8.6,11,23,11,14,9,12,14,11
"2017-11-13 01:24",8.6,9,12,15,9,11,9,13,15
"2017-11-13 01:25",7.2,16,13,8,12,9,18,16,10
"2017-11-13 01:26",7.2,9,17,8,20,19,14,11,13
"2017-11-13 01:27",7.2,8,11,14,9,7,7,12,14
"2017-11-13 01:28",7.2,10,14,13,15,12,15,14,9
"2017-11-13 01:29",7.2,6,10,5,10,18,6,10,14
"2017-11-13 01:30",6.8,23,8,8,12,11,5,14,20
"2017-11-13 01:31",6.8,9,18,18,8,10,16,15,8
"2017-11-13 01:32",6.8,5,9,12,11,9,8,8,5
"2017-11-13 01:33",6.8,18,7,12,11,15,16,9,12
"2017-11-13 01:34",6.8,9,19,17,10,10,8,20,17
"2017-11-13 01:35",6.6,13,17,11,8,3,5,10,10
"2017-11-13 01:36",6.6,12,8,14,7,16,13,11,11
"2017-11-13 01:37",6.6,13,7,8,7,12,16,11,6
"2017-11-13 01:38",6.6,15,6,8,10,10,12,8,15
"2017-11-13 01:39",6.6,12,14,11,10,12,16,9,17
"2017-11-13 01:40",7,11,14,5,3,12,9,11,15
"2017-11-13 01:41",7,18,7,11,9,8,9,11,13
"2017-11-13 01:42",7,14,7,12,10,12,12,11,11
"2017-11-13 01:43",7,7,7,10,13,7,9,10,11
"2017-11-13 01:44",7,14,10,20,17,18,15,13,12
"2017-11-13 01:45",7.2,6,14,14,7,19,11,15,11
"2017-11-13 01:46",7.2,14,14,11,16,11,18,8,11
"2017-11-13 01:47",7.2,18,10,10,13,12,17,11,15
"2017-11-13 01:48",7.2,11,11,19,10,13,9,7,11
"2017-11-13 01:49",7.2,18,15,9,12,15,15,6,13
"2017-11-13 01:50",6.4,12,13,8,16,10,12,20,18
"2017-11-13 01:51",6.4,8,10,14,9,10,12,18,12
"2017-11-13 01:52",6.4,9,19,18,11,18,9,7,11
"2017-11-13 01:53",6.4,11,17,11,14,5,13,12,12
"2017-11-13 01:54",6.4,14,6,14,15,12,17,7,11
"2017-11-13 01:55",5.4,19,12,17,19,16,8,12,10
"2017-11-13 01:56",5.4,14,17,9,8,4,8,12,13
"2017-11-13 01:57",5.4,13,19,13,9,18,9,13,13
"2017-11-13 01:58",5.4,14,8,12,17,5,13,13,14
"2017-11-13 01:59",5.4,11,10,7,5,11,14,13,6
"2017-11-13 02:00",5.4,11,13,10,14,23,16,16,12
"2017-11-13 02:01",5.4,9,16,8,17,10,10,18,13
"2017-11-13 02:02",5.4,14,5,8,22,16,14,14,13
"2017-11-13 02:03",5.4,8,11,11,13,14,9,14,11
"2017-11-13 02:04",5.4,15,10,14,8,14,14,18,13
"2017-11-13 02:05",5.4,6,14,13,11,10,4,9,10
"2017-11-13 02:06",5.4,14,17,12,14,14,14,15,10
"2017-11-13 02:07",5.4,9,10,14,10,9,13,10,16
"2017-11-13 02:08",5.4,6,14,13,11,15,15,14,13
"2017-11-13 02:09",5.4,8,8,13,7,14,13,10,9
"2017-11-13 02:10",6,8,13,8,12,13,12,12,9
"2017-11-13 02:11",6,12,15,14,13,20,8,14,20
"2017-11-13 02:12",6,8,13,12,11,10,11,7,11
"2017-11-13 02:13",6,6,8,10,8,13,10,9,13
"2017-11-13 02:14",6,13,15,18,9,12,14,14,11
"2017-11-13 02:15",5.6,12,2,15,8,7,10,9,9
"2017-11-13 02:16",5.6,12,7,10,18,11,13,7,14
"2017-11-13 02:17",5.6,10,10,7,10,14,13,6,14
"2017-11-13 02:18",5.6,13,11,7,10,12,13,7,7
"2017-11-13 02:19",5.6,8,12,8,10,5,15,14,11
"2017-11-13 02:20",5.4,9,9,8,10,4,7,10,20
"2017-11-13 02:21",5.4,13,7,12,9,5,6,10,11
"2017-11-13 02:22",5.4,10,13,12,11,4,10,13,7
"2017-11-13 02:23",5.4,8,5,7,1,8,6,8,6
"2017-11-13 02:24",5.4,8,9,14,10,12,8,16,13
"2017-11-13 02:25",4.6,7,14,8,10,9,8,7,7
"2017-11-13 02:26",4.6,10,9,10,15,12,13,7,6
"2017-11-13 02:27",4.6,14,13,13,11,14,8,19,20
"2017-11-13 02:28",4.6,5,8,16,13,6,14,11,12
"2017-11-13 02:29",4.6,12,9,7,13,6,13,15,15
"2017-11-13 02:30",4.2,13,9,13,7,8,8,13,16
"2017-11-13 02:31",4.2,8,11,9,7,7,6,11,2
"2017-11-13 02:32",4.2,9,14,9,14,10,16,8,9
"2017-11-13 02:33",4.2,10,7,14,11,10,11,10,7
"2017-11-13 02:34",4.2,10,10,11,8,14,12,10,9
"2017-11-13 02:35",4.6,10,14,17,13,11,13,11,12
"2017-11-13 02:36",4.6,6,17,9,6,6,12,10,13
"2017-11-13 02:37",4.6,8,11,12,7,11,9,10,7
"2017-11-13 02:38",4.6,11,7,11,6,10,11,13,12
"2017-11-13 02:39",4.6,7,8,12,16,4,15,8,7
"2017-11-13 02:40",5,11,12,7,12,16,10,8,9
"2017-11-13 02:41",5,9,11,3,10,14,7,8,7
"2017-11-13 02:42",5,7,10,12,9,8,9,7,12
"2017-11-13 02:43",5,8,12,15,18,9,8,11,12
"2017-11-13 02:44",5,10,13,9,10,15,7,10,10
"2017-11-13 02:45",5,11,4,5,13,8,8,10,12
"2017-11-13 02:46",5,16,12,8,19,14,7,9,17
"2017-11-13 02:47",5,7,16,8,3,11,6,13,11
"2017-11-13 02:48",5,9,6,12,8,13,14,13,15
"2017-11-13 02:49",5,8,11,12,8,7,12,7,17
"2017-11-13 02:50",4.6,10,10,9,11,6,12,10,9
"2017-11-13 02:51",4.6,10,9,8,13,10,19,15,12
"2017-11-13 02:52",4.6,13,8,11,12,9,8,12,8
"2017-11-13 02:53",4.6,9,10,10,11,8,11,8,9
"2017-11-13 02:54",4.6,12,7,10,14,13,7,10,11
"2017-11-13 02:55",4.6,11,12,13,9,6,8,3,9
"2017-11-13 02:56",4.6,16,18,10,16,15,7,11,9
"2017-11-13 02:57",4.6,9,5,12,9,13,10,9,13
"2017-11-13 02:58",4.6,8,12,6,11,12,9,12,13
"2017-11-13 02:59",4.6,8,15,6,6,12,8,14,12
"2017-11-13 03:00",4.2,16,13,10,9,6,3,8,10
"2017-11-13 03:01",4.2,12,9,15,7,13,12,11,12
"2017-11-13 03:02",4.2,23,10,15,5,10,13,13,14
"2017-11-13 03:03",4.2,4,12,10,12,10,17,7,9
"2017-11-13 03:04",4.2,4,16,14,14,8,8,8,8
"2017-11-13 03:05",4.2,15,12,10,10,6,8,7,7
"2017-11-13 03:06",4.2,11,12,1,7,12,10,14,6
"2017-11-13 03:07",4.2,10,10,14,14,10,7,13,8
"2017-11-13 03:08",4.2,13,9,7,12,8,16,7,7
"2017-11-13 03:09",4.2,13,6,12,11,6,12,11,9
"2017-11-13 03:10",4.8,15,15,11,17,11,10,6,10
"2017-11-13 03:11",4.8,11,9,9,12,8,11,13,13
"2017-11-13 03:12",4.8,11,11,11,13,9,8,8,12
"2017-11-13 03:13",4.8,8,9,14,8,5,6,8,7
"2017-11-13 03:14",4.8,8,13,10,13,8,12,8,13
"2017-11-13 03:15",5,4,11,11,11,16,12,10,12
"2017-11-13 03:16",5,8,8,17,12,11,17,10,7
"2017-11-13 03:17",5,8,12,19,11,12,13,5,6
"2017-11-13 03:18",5,13,12,13,7,17,13,16,12
"2017-11-13 03:19",5,14,15,16,10,9,5,8,16
"2017-11-13 03:20",5.2,9,16,11,10,10,12,18,11
"2017-11-13 03:21",5.2,5,10,16,6,10,11,14,10
"2017-11-13 03:22",5.2,19,18,10,12,8,14,15,13
"2017-11-13 03:23",5.2,11,13,14,8,8,18,18,13
"2017-11-13 03:24",5.2,9,14,8,16,12,10,13,12
"2017-11-13 03:25",4.6,18,17,11,16,14,11,8,13
"2017-11-13 03:26",4.6,13,13,17,13,14,21,10,11
"2017-11-13 03:27",4.6,16,13,13,12,14,13,10,12
"2017-11-13 03:28",4.6,8,15,11,19,16,15,11,12
"2017-11-13 03:29",4.6,8,14,9,16,8,11,9,11
"2017-11-13 03:30",4.4,19,9,7,9,9,11,11,14
"2017-11-13 03:31",4.4,8,10,14,10,11,13,19,18
"2017-11-13 03:32",4.4,11,13,17,11,12,12,9,15
"2017-11-13 03:33",4.4,15,13,8,9,12,12,14,8
"2017-11-13 03:34",4.4,21,16,9,11,11,16,8,14
"2017-11-13 03:35",4.2,10,12,12,10,9,7,7,11
"2017-11-13 03:36",4.2,11,14,17,14,8,6,10,15
"2017-11-13 03:37",4.2,16,8,8,13,8,10,16,9
"2017-11-13 03:38",4.2,12,14,7,8,9,8,14,12
"2017-11-13 03:39",4.2,12,9,13,11,8,18,11,13
"2017-11-13 03:40",5,15,12,15,15,11,7,10,17
"2017-11-13 03:41",5,12,13,16,14,17,15,11,16
"2017-11-13 03:42",5,15,15,9,15,18,20,9,16
"2017-11-13 03:43",5,18,7,11,8,12,7,10,9
"2017-11-13 03:44",5,9,16,20,17,10,14,13,13
"2017-11-13 03:45",4.6,12,8,12,11,16,9,8,11
"2017-11-13 03:46",4.6,14,8,14,11,10,17,12,13
"2017-11-13 03:47",4.6,13,13,12,12,13,11,16,13
"2017-11-13 03:48",4.6,8,8,11,8,12,13,6,11
"2017-11-13 03:49",4.6,8,4,12,16,12,12,17,10
"2017-11-13 03:50",4.8,18,11,13,12,7,13,13,11
"2017-11-13 03:51",4.8,4,9,11,15,15,10,8,9
"2017-11-13 03:52",4.8,11,21,19,17,8,16,14,17
"2017-11-13 03:53",4.8,14,13,12,13,4,13,5,8
"2017-11-13 03:54",4.8,7,12,6,3,15,20,9,9
"2017-11-13 03:55",4.8,10,15,10,21,9,10,17,15
"2017-11-13 03:56",4.8,9,12,13,14,14,15,13,10
"2017-11-13 03:57",4.8,10,11,9,8,11,15,11,14
"2017-11-13 03:58",4.8,10,10,16,16,16,10,14,11
"2017-11-13 03:59",4.8,15,17,11,16,14,9,13,10
"2017-11-13 04:00",5,15,16,19,17,10,12,12,14
"2017-11-13 04:01",5,10,15,9,10,11,11,11,19
"2017-11-13 04:02",5,8,12,13,9,11,13,15,11
"2017-11-13 04:03",5,9,13,13,14,10,16,12,8
"2017-11-13 04:04",5,9,17,13,10,13,8,12,11
"2017-11-13 04:05",4.6,13,12,14,17,11,10,8,6
"2017-11-13 04:06",4.6,12,13,13,15,14,14,11,10
"2017-11-13 04:07",4.6,7,9,17,12,11,12,8,13
"2017-11-13 04:08",4.6,6,15,18,12,15,21,8,11
"2017-11-13 04:09",4.6,9,13,17,12,9,13,9,10
"2017-11-13 04:10",5,10,11,5,16,7,10,16,10
"2017-11-13 04:11",5,14,14,13,9,17,15,16,11
"2017-11-13 04:12",5,11,7,10,10,11,11,15,8
"2017-11-13 04:13",5,8,7,15,13,9,17,12,13
"2017-11-13 04:14",5,10,12,13,12,19,23,17,13
"2017-11-13 04:15",5.2,16,16,9,15,7,14,11,12
"2017-11-13 04:16",5.2,12,18,15,14,13,20,17,21
"2017-11-13 04:17",5.2,12,25,14,12,17,18,22,13
"2017-11-13 04:18",5.2,19,12,16,11,11,20,18,15
"2017-11-13 04:19",5.2,23,24,16,24,24,15,20,20
"2017-11-13 04:20",5.6,20,15,18,18,13,14,15,15
"2017-11-13 04:21",5.6,14,24,21,19,25,8,20,21
"2017-11-13 04:22",5.6,15,12,22,18,24,21,19,17
"2017-11-13 04:23",5.6,23,15,16,20,19,13,17,15
"2017-11-13 04:24",5.6,22,16,15,16,14,21,20,12
"2017-11-13 04:25",5.6,20,20,17,19,16,11,12,20
"2017-11-13 04:26",5.6,22,16,13,20,14,25,12,21
"2017-11-13 04:27",5.6,17,19,14,18,21,17,22,11
"2017-11-13 04:28",5.6,18,4,21,12,18,16,22,18
"2017-11-13 04:29",5.6,18,23,17,19,11,16,23,22
"2017-11-13 04:30",5.6,19,21,21,15,25,19,17,13
"2017-11-13 04:31",5.6,8,8,17,23,10,16,8,15
"2017-11-13 04:32",5.6,18,26,16,18,19,27,15,13
"2017-11-13 04:33",5.6,23,20,15,11,14,13,15,14
"2017-11-13 04:34",5.6,13,20,19,16,8,18,22,15
"2017-11-13 04:35",6.4,13,16,15,19,23,18,16,19
"2017-11-13 04:36",6.4,11,12,10,16,21,21,14,19
"2017-11-13 04:37",6.4,24,21,23,12,20,12,21,10
"2017-11-13 04:38",6.4,14,17,17,15,15,11,17,14
"2017-11-13 04:39",6.4,16,16,13,14,15,23,21,18
"2017-11-13 04:40",7,19,20,19,17,15,19,19,15
"2017-11-13 04:41",7,16,18,11,13,23,18,14,16
"2017-11-13 04:42",7,12,11,23,16,15,20,11,25
"2017-11-13 04:43",7,22,20,14,21,17,19,22,17
"2017-11-13 04:44",7,14,18,16,19,17,21,19,14
"2017-11-13 04:45",7.4,18,21,25,16,15,22,18,27
"2017-11-13 04:46",7.4,14,18,18,21,20,16,14,19
"2017-11-13 04:47",7.4,19,14,20,20,22,14,14,19
"2017-11-13 04:48",7.4,23,28,14,33,19,23,25,17
"2017-11-13 04:49",7.4,21,18,18,22,15,13,20,19
"2017-11-13 04:50",7.2,15,20,29,18,13,17,17,21
"2017-11-13 04:51",7.2,19,30,20,16,25,20,26,16
"2017-11-13 04:52",7.2,13,16,8,19,22,18,24,26
"2017-11-13 04:53",7.2,13,19,25,18,15,12,24,21
"2017-11-13 04:54",7.2,18,15,19,28,24,15,16,22
"2017-11-13 04:55",7.4,15,21,20,16,21,14,20,22
"2017-11-13 04:56",7.4,21,15,18,14,20,24,23,24
"2017-11-13 04:57",7.4,21,18,10,18,31,13,23,22
"2017-11-13 04:58",7.4,22,18,22,15,15,14,11,16
"2017-11-13 04:59",7.4,21,28,20,23,16,12,26,24
"2017-11-13 05:00",7.4,13,18,25,19,21,19,22,14
"2017-11-13 05:01",7.4,20,19,26,26,19,12,22,18
"2017-11-13 05:02",7.4,16,18,14,19,15,18,15,14
"2017-11-13 05:03",7.4,24,20,14,12,17,8,15,21
"2017-11-13 05:04",7.4,23,24,18,19,24,16,20,22
"2017-11-13 05:05",8.2,15,11,12,23,15,19,15,15
"2017-11-13 05:06",8.2,18,19,18,8,15,16,14,13
"2017-11-13 05:07",8.2,26,18,17,16,29,24,26,12
"2017-11-13 05:08",8.2,14,9,21,28,16,20,20,18
"2017-11-13 05:09",8.2,28,20,21,23,25,15,13,19
"2017-11-13 05:10",9,20,26,13,18,13,16,15,23
"2017-11-13 05:11",9,11,16,13,16,25,18,15,22
"2017-11-13 05:12",9,22,18,26,22,27,21,20,22
"2017-11-13 05:13",9,13,18,25,17,16,15,16,27
"2017-11-13 05:14",9,23,23,25,24,26,18,28,23
"2017-11-13 05:15",10.4,24,28,21,19,29,25,17,21
"2017-11-13 05:16",10.4,31,22,16,19,28,19,25,23
"2017-11-13 05:17",10.4,31,21,21,33,24,32,31,32
"2017-11-13 05:18",10.4,45,28,28,44,31,26,34,26
"2017-11-13 05:19",10.4,32,36,34,31,32,31,31,29
"2017-11-13 05:20",11.2,31,37,27,35,30,35,30,29
"2017-11-13 05:21",11.2,35,28,35,24,33,31,40,32
"2017-11-13 05:22",11.2,42,38,31,45,28,38,33,39
"2017-11-13 05:23",11.2,44,30,34,39,38,42,29,35
"2017-11-13 05:24",11.2,39,35,42,39,29,30,34,37
"2017-11-13 05:25",11.2,35,42,42,38,37,35,35,40
"2017-11-13 05:26",11.2,33,44,35,29,39,27,37,32
"2017-11-13 05:27",11.2,38,40,26,30,37,32,45,49
"2017-11-13 05:28",11.2,30,33,39,35,37,33,29,29
"2017-11-13 05:29",11.2,30,35,33,35,29,45,36,33
"2017-11-13 05:30",13.4,40,43,44,35,37,36,33,41
"2017-11-13 05:31",13.4,40,31,44,38,29,35,33,40
"2017-11-13 05:32",13.4,39,27,27,27,38,40,37,59
"2017-11-13 05:33",13.4,44,41,30,33,43,42,33,34
"2017-11-13 05:34",13.4,41,32,47,35,48,34,38,38
"2017-11-13 05:35",15.2,29,34,35,43,41,40,39,42
"2017-11-13 05:36",15.2,38,38,51,42,41,33,31,36
"2017-11-13 05:37",15.2,36,43,37,33,50,37,39,40
"2017-11-13 05:38",15.2,45,47,35,42,36,44,44,37
"2017-11-13 05:39",15.2,49,50,37,46,34,42,46,33
"2017-11-13 05:40",17.8,38,35,51,27,35,43,22,35
"2017-11-13 05:41",17.8,48,43,36,39,43,34,37,47
"2017-11-13 05:42",17.8,43,33,37,33,32,36,33,44
"2017-11-13 05:43",17.8,38,39,36,23,36,33,44,38
"2017-11-13 05:44",17.8,37,42,35,44,42,49,46,47
"2017-11-13 05:45",20.4,44,32,47,42,43,35,34,43
"2017-11-13 05:46",20.4,32,39,34,35,41,42,44,40
"2017-11-13 05:47",20.4,37,42,28,57,37,37,41,35
"2017-11-13 05:48",20.4,52,55,42,42,49,45,45,31
"2017-11-13 05:49",20.4,36,49,39,32,48,50,43,43
"2017-11-13 05:50",20,40,34,40,46,53,43,36,53
"2017-11-13 05:51",20,41,54,48,59,55,35,45,36
"2017-11-13 05:52",20,46,47,42,38,47,48,37,40
"2017-11-13 05:53",20,43,55,35,43,28,41,37,44
"2017-11-13 05:54",20,34,44,34,47,47,48,48,46
"2017-11-13 05:55",20,62,45,49,50,49,39,38,49
"2017-11-13 05:56",20,31,43,49,47,40,47,44,45
"2017-11-13 05:57",20,36,43,40,40,49,37,40,39
"2017-11-13 05:58",20,48,61,42,46,46,43,50,47
"2017-11-13 05:59",20,45,48,40,49,39,39,39,40
"2017-11-13 06:00",21.2,42,38,47,39,40,45,39,36
"2017-11-13 06:01",21.2,47,43,41,50,44,34,60,51
"2017-11-13 06:02",21.2,45,46,44,51,50,49,39,36
"2017-11-13 06:03",21.2,39,45,38,50,43,44,40,55
"2017-11-13 06:04",21.2,42,43,34,47,39,36,50,42
"2017-11-13 06:05",24.6,45,40,57,47,31,31,30,54
"2017-11-13 06:06",24.6,49,33,40,40,38,42,35,54
"2017-11-13 06:07",24.6,48,50,51,51,33,37,41,37
"2017-11-13 06:08",24.6,50,49,47,36,32,41,42,46
"2017-11-13 06:09",24.6,46,31,29,41,50,38,44,47
"2017-11-13 06:10",28,52,63,61,40,43,37,52,38
"2017-11-13 06:11",28,41,50,47,53,37,48,58,49
"2017-11-13 06:12",28,45,47,46,53,41,41,50,50
"2017-11-13 06:13",28,38,60,49,58,47,41,61,45
"2017-11-13 06:14",28,53,58,55,56,66,45,42,48
"2017-11-13 06:15",32.8,53,62,45,46,75,50,59,56
"2017-11-13 06:16",32.8,57,60,50,56,55,55,46,52
"2017-11-13 06:17",32.8,73,59,77,74,66,48,58,60
"2017-11-13 06:18",32.8,71,66,72,62,74,70,49,69
"2017-11-13 06:19",32.8,71,71,68,75,67,72,59,75
"2017-11-13 06:20",36,77,65,72,56,82,77,65,83
"2017-11-13 06:21",36,84,75,82,79,59,73,85,68
"2017-11-13 06:22",36,69,71,65,79,73,74,71,73
"2017-11-13 06:23",36,60,69,76,81,70,67,67,82
"2017-11-13 06:24",36,75,80,77,74,80,91,80,91
"2017-11-13 06:25",38.2,87,74,77,95,68,83,75,77
"2017-11-13 06:26",38.2,85,85,80,85,82,99,91,60
"2017-11-13 06:27",38.2,86,82,99,92,90,92,81,85
"2017-11-13 06:28",38.2,71,67,97,75,85,78,80,75
"2017-11-13 06:29",38.2,83,80,75,87,86,70,92,94
"2017-11-13 06:30",41.8,69,72,86,63,78,77,73,88
"2017-11-13 06:31",41.8,81,89,76,79,76,78,86,84
"2017-11-13 06:32",41.8,83,85,86,68,81,97,83,96
"2017-11-13 06:33",41.8,84,82,72,65,77,83,84,85
"2017-11-13 06:34",41.8,82,87,95,86,77,82,80,96
"2017-11-13 06:35",47.8,93,85,76,81,93,77,74,96
"2017-11-13 06:36",47.8,79,79,90,96,74,81,80,88
"2017-11-13 06:37",47.8,91,94,89,107,71,79,97,94
"2017-11-13 06:38",47.8,91,95,84,82,74,80,82,85
"2017-11-13 06:39",47.8,96,84,98,97,88,82,90,82
"2017-11-13 06:40",52.2,80,89,113,97,96,99,79,86
"2017-11-13 06:41",52.2,104,94,75,88,84,81,94,81
"2017-11-13 06:42",52.2,83,84,85,82,95,90,83,89
"2017-11-13 06:43",52.2,84,92,93,97,94,88,88,98
"2017-11-13 06:44",52.2,90,87,100,106,104,104,78,93
"2017-11-13 06:45",56.4,88,87,79,92,106,105,88,103
"2017-11-13 06:46",56.4,99,83,78,90,95,106,90,97
"2017-11-13 06:47",56.4,100,91,81,106,85,88,101,110
"2017-11-13 06:48",56.4,82,82,87,103,102,86,91,101
"2017-11-13 06:49",56.4,82,96,88,92,97,87,94,104
"2017-11-13 06:50",56.4,119,95,85,117,84,104,97,83
"2017-11-13 06:51",56.4,95,86,91,97,81,95,99,106
"2017-11-13 06:52",56.4,103,92,90,90,98,87,92,102
"2017-11-13 06:53",56.4,123,110,104,92,106,58,100,108
"2017-11-13 06:54",56.4,91,107,107,98,118,91,104,97
"2017-11-13 06:55",55,89,112,108,99,110,98,91,100
"2017-11-13 06:56",55,103,114,100,113,109,108,93,105
"2017-11-13 06:57",55,92,112,89,112,99,106,88,114
"2017-11-13 06:58",55,100,120,109,86,103,94,92,113
"2017-11-13 06:59",55,94,124,97,102,99,100,109,95
"2017-11-13 07:00",55.8,86,99,110,108,111,73,115,99
"2017-11-13 07:01",55.8,113,82,108,78,104,93,114,95
"2017-11-13 07:02",55.8,93,84,91,99,119,107,97,89
"2017-11-13 07:03",55.8,103,89,111,90,109,97,107,106
"2017-11-13 07:04",55.8,100,104,108,105,117,97,103,115
"2017-11-13 07:05",59.6,114,97,92,80,80,92,108,107
"2017-11-13 07:06",59.6,107,109,103,94,88,110,99,96
"2017-11-13 07:07",59.6,112,106,88,102,100,112,91,86
"2017-11-13 07:08",59.6,75,96,110,97,98,102,101,85
"2017-11-13 07:09",59.6,81,110,90,100,102,117,93,99
"2017-11-13 07:10",67.8,100,116,98,96,91,96,108,80
"2017-11-13 07:11",67.8,105,100,102,115,72,100,107,96
"2017-11-13 07:12",67.8,83,105,112,106,100,113,110,97
"2017-11-13 07:13",67.8,88,112,102,112,90,106,110,111
"2017-11-13 07:14",67.8,114,85,98,108,109,93,108,109
"2017-11-13 07:15",73.4,105,88,100,116,97,111,102,111
"2017-11-13 07:16",73.4,110,98,111,122,90,96,87,113
"2017-11-13 07:17",73.4,100,100,104,100,103,100,108,120
"2017-11-13 07:18",73.4,110,95,111,118,103,99,112,103
"2017-11-13 07:19",73.4,109,111,113,107,121,118,105,108
"2017-11-13 07:20",78.8,111,122,110,110,117,123,109,113
"2017-11-13 07:21",78.8,112,128,115,117,113,116,115,107
"2017-11-13 07:22",78.8,111,114,108,100,124,109,122,105
"2017-11-13 07:23",78.8,120,111,122,101,116,119,113,107
"2017-11-13 07:24",78.8,110,118,123,103,114,122,104,109
"2017-11-13 07:25",80.4,117,125,109,119,124,123,106,122
"2017-11-13 07:26",80.4,113,115,114,115,128,107,98,112
"2017-11-13 07:27",80.4,127,133,112,125,119,119,125,105
"2017-11-13 07:28",80.4,130,112,110,125,119,115,116,112
"2017-11-13 07:29",80.4,125,121,116,131,120,124,115,120
"2017-11-13 07:30",85.8,123,105,113,122,119,126,115,112
"2017-11-13 07:31",85.8,127,121,135,118,115,110,111,109
"2017-11-13 07:32",85.8,121,106,108,123,123,114,121,103
"2017-11-13 07:33",85.8,126,110,122,132,122,112,114,113
"2017-11-13 07:34",85.8,114,120,129,109,120,113,122,120
"2017-11-13 07:35",90.6,119,116,120,123,109,105,127,111
"2017-11-13 07:36",90.6,117,123,119,117,105,123,136,113
"2017-11-13 07:37",90.6,110,116,132,117,115,107,115,120
"2017-11-13 07:38",90.6,114,118,131,111,121,111,136,130
"2017-11-13 07:39",90.6,109,119,130,108,119,107,136,134
"2017-11-13 07:40",94.2,121,132,115,112,120,131,127,111
"2017-11-13 07:41",94.2,123,112,111,114,119,122,125,114
"2017-11-13 07:42",94.2,130,112,115,128,124,140,121,107
"2017-11-13 07:43",94.2,134,124,125,123,128,130,123,116
"2017-11-13 07:44",94.2,129,110,117,123,126,123,126,118
"2017-11-13 07:45",95.2,132,116,120,135,117,110,129,115
"2017-11-13 07:46",95.2,114,113,122,146,124,119,130,111
"2017-11-13 07:47",95.2,116,128,111,121,119,111,122,122
"2017-11-13 07:48",95.2,126,125,102,129,121,107,129,126
"2017-11-13 07:49",95.2,134,122,116,127,124,109,123,137
"2017-11-13 07:50",93.6,120,118,109,124,121,109,130,123
"2017-11-13 07:51",93.6,131,125,123,122,111,126,133,118
"2017-11-13 07:52",93.6,126,117,118,124,125,119,130,131
"2017-11-13 07:53",93.6,131,127,132,121,131,125,122,132
"2017-11-13 07:54",93.6,126,119,129,138,130,121,123,139
"2017-11-13 07:55",89.4,111,122,128,131,113,138,119,122
"2017-11-13 07:56",89.4,112,125,129,133,119,130,123,100
"2017-11-13 07:57",89.4,121,130,134,136,111,127,106,91
"2017-11-13 07:58",89.4,108,136,128,130,126,135,110,114
"2017-11-13 07:59",89.4,115,130,131,122,125,120,112,109
"2017-11-13 08:00",86.8,121,119,121,123,110,128,119,131
"2017-11-13 08:01",86.8,122,123,114,128,123,129,114,110
"2017-11-13 08:02",86.8,122,127,106,113,113,131,128,116
"2017-11-13 08:03",86.8,126,131,109,118,117,122,118,113
"2017-11-13 08:04",86.8,130,128,117,122,118,117,129,126
"2017-11-13 08:05",86.6,113,120,104,118,116,97,115,124
"2017-11-13 08:06",86.6,117,119,120,111,120,114,127,127
"2017-11-13 08:07",86.6,103,126,118,104,126,108,130,111
"2017-11-13 08:08",86.6,118,117,117,119,116,104,134,134
"2017-11-13 08:09",86.6,125,104,117,119,124,113,134,133
"2017-11-13 08:10",91,115,142,128,127,111,139,128,137
"2017-11-13 08:11",91,110,124,115,135,99,120,120,100
"2017-11-13 08:12",91,114,136,99,131,101,125,127,86
"2017-11-13 08:13",91,113,109,111,123,118,117,118,76
"2017-11-13 08:14",91,126,105,100,133,103,110,107,94
"2017-11-13 08:15",96,123,115,122,122,117,120,112,90
"2017-11-13 08:16",96,135,116,116,115,118,122,102,91
"2017-11-13 08:17",96,128,113,115,117,116,100,112,101
"2017-11-13 08:18",96,122,114,131,114,115,115,124,94
"2017-11-13 08:19",96,129,123,117,111,122,116,121,122
"2017-11-13 08:20",95.6,133,116,112,108,117,108,109,128
"2017-11-13 08:21",95.6,127,131,110,123,115,110,112,120
"2017-11-13 08:22",95.6,123,117,116,125,122,100,119,131
"2017-11-13 08:23",95.6,115,128,113,123,118,100,118,126
"2017-11-13 08:24",95.6,116,123,124,119,132,118,121,123
"2017-11-13 08:25",94.2,121,113,102,122,118,105,125,Inf
"2017-11-13 08:26",94.2,110,124,118,130,124,112,130,Inf
"2017-11-13 08:27",94.2,120,121,109,125,135,110,134,Inf
"2017-11-13 08:28",94.2,111,125,118,128,116,110,125,Inf
"2017-11-13 08:29",94.2,115,130,115,133,113,114,114,Inf
"2017-11-13 08:30",96.2,123,117,113,119,116,116,129,Inf
"2017-11-13 08:31",96.2,117,126,122,128,108,114,119,Inf
"2017-11-13 08:32",96.2,131,125,128,116,110,121,132,Inf
"2017-11-13 08:33",96.2,118,126,105,123,101,114,107,Inf
"2017-11-13 08:34",96.2,107,114,100,120,111,110,109,Inf
"2017-11-13 08:35",97.6,107,112,113,120,109,113,117,Inf
"2017-11-13 08:36",97.6,107,102,105,119,116,116,95,Inf
"2017-11-13 08:37",97.6,110,114,121,116,119,118,112,Inf
"2017-11-13 08:38",97.6,116,113,109,123,123,115,115,Inf
"2017-11-13 08:39",97.6,120,120,128,121,128,119,116,Inf
"2017-11-13 08:40",68,103,121,102,110,126,125,Inf,111
"2017-11-13 08:41",68,102,113,102,122,125,122,Inf,122
"2017-11-13 08:42",68,99,102,117,118,126,126,Inf,121
"2017-11-13 08:43",68,99,119,114,134,119,126,Inf,127
"2017-11-13 08:44",68,112,121,101,132,118,120,Inf,126
"2017-11-13 08:45",113,111,114,108,114,114,120,Inf,130
"2017-11-13 08:46",113,122,106,103,119,110,125,Inf,130
"2017-11-13 08:47",113,124,108,113,129,122,133,Inf,115
"2017-11-13 08:48",113,113,114,127,102,102,134,Inf,121
"2017-11-13 08:49",113,116,112,115,105,103,130,Inf,100
"2017-11-13 08:50",83,114,110,117,101,103,130,Inf,103
"2017-11-13 08:51",83,121,114,123,107,112,124,Inf,114
"2017-11-13 08:52",83,139,96,109,104,111,103,Inf,102
"2017-11-13 08:53",83,114,114,121,107,110,116,Inf,114
"2017-11-13 08:54",83,115,116,129,112,110,89,Inf,103
"2017-11-13 08:55",92.4,115,123,104,117,105,Inf,84,116
"2017-11-13 08:56",92.4,131,120,107,129,102,Inf,99,127
"2017-11-13 08:57",92.4,125,122,117,118,101,Inf,114,119
"2017-11-13 08:58",92.4,129,112,115,118,109,Inf,101,109
"2017-11-13 08:59",92.4,115,129,114,117,110,Inf,98,117
"2017-11-13 09:00",75.2,109,119,124,125,118,Inf,105,122
"2017-11-13 09:01",75.2,103,122,131,114,110,Inf,117,130
"2017-11-13 09:02",75.2,112,122,118,125,111,Inf,132,117
"2017-11-13 09:03",75.2,106,131,123,134,111,Inf,122,108
"2017-11-13 09:04",75.2,108,124,112,117,121,Inf,123,118
"2017-11-13 09:05",83.4,125,118,119,131,120,Inf,122,109
"2017-11-13 09:06",83.4,89,112,108,102,121,Inf,130,103
"2017-11-13 09:07",83.4,98,99,99,110,117,Inf,131,102
"2017-11-13 09:08",83.4,85,88,111,111,127,Inf,130,100
"2017-11-13 09:09",83.4,110,107,107,103,114,Inf,116,99
"2017-11-13 09:10",69.4,105,121,108,106,Inf,131,114,105
"2017-11-13 09:11",69.4,115,123,97,104,Inf,132,96,88
"2017-11-13 09:12",69.4,105,127,114,114,Inf,126,81,111
"2017-11-13 09:13",69.4,116,120,107,119,Inf,113,127,116
"2017-11-13 09:14",69.4,116,113,113,107,Inf,96,89,115
"2017-11-13 09:15",79.4,103,112,100,113,Inf,96,98,108
"2017-11-13 09:16",79.4,111,106,119,117,Inf,96,107,118
"2017-11-13 09:17",79.4,101,116,124,87,Inf,84,79,116
"2017-11-13 09:18",79.4,103,102,106,110,Inf,96,104,115
"2017-11-13 09:19",79.4,103,102,111,123,Inf,93,136,104
"2017-11-13 09:20",75.6,106,114,106,98,Inf,98,120,109
"2017-11-13 09:21",75.6,102,110,108,113,Inf,97,112,109
"2017-11-13 09:22",75.6,102,96,113,108,Inf,108,88,107
"2017-11-13 09:23",75.6,90,99,102,104,Inf,102,93,113
"2017-11-13 09:24",75.6,80,111,109,92,Inf,117,92,122
"2017-11-13 09:25",70.4,108,113,90,Inf,108,91,114,87
"2017-11-13 09:26",70.4,109,115,103,Inf,110,79,104,113
"2017-11-13 09:27",70.4,114,101,92,Inf,105,71,111,91
"2017-11-13 09:28",70.4,89,84,101,Inf,76,81,81,101
"2017-11-13 09:29",70.4,85,96,103,Inf,101,82,109,81
"2017-11-13 09:30",79.2,88,88,102,Inf,95,68,110,102
"2017-11-13 09:31",79.2,94,92,75,Inf,93,64,91,91
"2017-11-13 09:32",79.2,81,92,96,Inf,107,97,99,76
"2017-11-13 09:33",79.2,83,101,88,Inf,95,98,74,100
"2017-11-13 09:34",79.2,100,92,96,Inf,102,72,85,86
"2017-11-13 09:35",62.8,99,109,82,Inf,90,90,81,98
"2017-11-13 09:36",62.8,101,75,105,Inf,92,86,101,83
"2017-11-13 09:37",62.8,105,107,98,Inf,79,98,104,101
"2017-11-13 09:38",62.8,99,88,108,Inf,105,96,107,106
"2017-11-13 09:39",62.8,96,82,102,Inf,103,91,92,100
"2017-11-13 09:40",72,88,76,Inf,94,114,89,93,104
"2017-11-13 09:41",72,101,75,Inf,95,94,111,112,96
"2017-11-13 09:42",72,93,79,Inf,89,103,102,108,104
"2017-11-13 09:43",72,98,80,Inf,99,90,86,110,110
"2017-11-13 09:44",72,106,83,Inf,87,83,83,84,98
"2017-11-13 09:45",76.4,93,98,Inf,95,95,104,102,96
"2017-11-13 09:46",76.4,79,88,Inf,95,95,98,87,74
"2017-11-13 09:47",76.4,75,113,Inf,84,75,119,93,89
"2017-11-13 09:48",76.4,82,114,Inf,70,87,108,84,100
"2017-11-13 09:49",76.4,96,102,Inf,72,107,84,80,95
"2017-11-13 09:50",73.8,75,91,Inf,79,88,96,88,86
"2017-11-13 09:51",73.8,81,82,Inf,83,76,91,84,94
"2017-11-13 09:52",73.8,85,79,Inf,80,105,92,85,92
"2017-11-13 09:53",73.8,94,98,Inf,94,88,72,98,86
"2017-11-13 09:54",73.8,96,112,Inf,90,79,73,91,74
"2017-11-13 09:55",72.6,97,Inf,96,84,80,73,83,95
"2017-11-13 09:56",72.6,103,Inf,109,74,106,104,94,92
"2017-11-13 09:57",72.6,103,Inf,102,94,85,98,91,88
"2017-11-13 09:58",72.6,80,Inf,90,102,88,100,84,107
"2017-11-13 09:59",72.6,89,Inf,84,105,106,86,96,89
"2017-11-13 10:00",62,91,Inf,93,108,86,87,86,99
"2017-11-13 10:01",62,68,Inf,86,103,68,103,96,89
"2017-11-13 10:02",62,92,Inf,78,97,85,93,92,100
"2017-11-13 10:03",62,106,Inf,101,108,91,86,98,86
"2017-11-13 10:04",62,89,Inf,93,102,79,89,92,88
"2017-11-13 10:05",65,82,Inf,78,89,78,97,91,111
"2017-11-13 10:06",65,91,Inf,96,84,91,101,93,110
"2017-11-13 10:07",65,101,Inf,94,91,92,110,95,87
"2017-11-13 10:08",65,104,Inf,91,121,104,102,99,88
"2017-11-13 10:09",65,98,Inf,88,96,101,94,96,81
"2017-11-13 10:10",62.6,Inf,92,88,101,85,71,92,91
"2017-11-13 10:11",62.6,Inf,96,82,96,96,78,78,62
"2017-11-13 10:12",62.6,Inf,83,90,84,84,95,78,83
"2017-11-13 10:13",62.6,Inf,103,91,68,95,96,107,73
"2017-11-13 10:14",62.6,Inf,81,76,66,90,96,96,86
"2017-11-13 10:15",60,Inf,78,73,77,90,105,93,81
"2017-11-13 10:16",60,Inf,75,76,86,89,83,72,78
"2017-11-13 10:17",60,Inf,80,80,83,80,106,100,89
"2017-11-13 10:18",60,Inf,93,81,78,100,88,91,115
"2017-11-13 10:19",60,Inf,83,88,75,94,88,84,78
"2017-11-13 10:20",68.2,Inf,96,97,76,78,85,76,79
"2017-11-13 10:21",68.2,Inf,67,94,83,81,77,96,86
"2017-11-13 10:22",68.2,Inf,83,89,78,73,89,89,82
"2017-11-13 10:23",68.2,Inf,111,78,69,72,82,79,100
"2017-11-13 10:24",68.2,Inf,88,71,70,80,63,77,71
"2017-11-13 10:25",62.4,89,84,83,70,73,83,85,103
"2017-11-13 10:26",62.4,84,83,78,89,67,81,68,91
"2017-11-13 10:27",62.4,73,78,85,85,90,62,74,76
"2017-11-13 10:28",62.4,77,84,66,93,66,92,71,73
"2017-11-13 10:29",62.4,81,75,73,72,66,77,84,89
"2017-11-13 10:30",62.8,84,71,83,82,67,79,86,82
"2017-11-13 10:31",62.8,80,63,85,84,85,73,84,78
"2017-11-13 10:32",62.8,82,86,76,82,82,83,65,68
"2017-11-13 10:33",62.8,75,80,76,67,82,72,99,95
"2017-11-13 10:34",62.8,80,92,70,97,91,67,81,73
"2017-11-13 10:35",60.4,68,76,72,82,76,82,71,74
"2017-11-13 10:36",60.4,74,78,62,75,83,69,55,77
"2017-11-13 10:37",60.4,67,78,70,71,66,71,66,79
"2017-11-13 10:38",60.4,76,86,88,78,80,76,75,73
"2017-11-13 10:39",60.4,72,87,83,76,90,84,85,75
"2017-11-13 10:40",67.2,83,72,69,72,79,76,75,75
"2017-11-13 10:41",67.2,65,66,94,85,76,78,83,85
"2017-11-13 10:42",67.2,64,75,76,73,67,73,76,79
"2017-11-13 10:43",67.2,74,70,91,72,89,53,79,77
"2017-11-13 10:44",67.2,70,71,79,77,79,67,72,82
"2017-11-13 10:45",70.2,80,84,75,79,83,87,60,81
"2017-11-13 10:46",70.2,80,71,84,80,74,82,67,96
"2017-11-13 10:47",70.2,75,81,84,87,72,73,82,108
"2017-11-13 10:48",70.2,85,78,69,76,79,95,67,87
"2017-11-13 10:49",70.2,87,89,70,74,73,62,69,83
"2017-11-13 10:50",87.8,65,85,82,72,89,62,66,83
"2017-11-13 10:51",87.8,100,78,75,74,90,83,74,76
"2017-11-13 10:52",87.8,75,81,101,92,87,79,83,68
"2017-11-13 10:53",87.8,91,92,68,88,79,86,71,69
"2017-11-13 10:54",87.8,59,77,68,100,87,75,61,75
"2017-11-13 10:55",66.6,75,83,93,73,95,80,79,80
"2017-11-13 10:56",66.6,85,68,84,68,86,77,60,78
"2017-11-13 10:57",66.6,80,87,87,77,94,87,91,85
"2017-11-13 10:58",66.6,79,100,57,83,83,91,79,82
"2017-11-13 10:59",66.6,83,80,76,72,76,85,79,89
"2017-11-13 11:00",77,81,83,70,85,74,100,79,89
"2017-11-13 11:01",77,81,83,71,85,64,95,77,78
"2017-11-13 11:02",77,69,68,78,89,91,66,65,87
"2017-11-13 11:03",77,83,79,84,73,72,65,99,68
"2017-11-13 11:04",77,69,80,84,67,78,71,78,80
"2017-11-13 11:05",74,79,77,92,80,85,84,85,73
"2017-11-13 11:06",74,76,77,77,71,65,87,86,71
"2017-11-13 11:07",74,84,94,83,73,89,85,62,111
"2017-11-13 11:08",74,82,72,80,71,58,82,84,81
"2017-11-13 11:09",74,101,80,76,78,66,91,80,74
"2017-11-13 11:10",69.8,69,71,69,88,79,82,96,96
"2017-11-13 11:11",69.8,76,91,79,89,74,65,72,91
"2017-11-13 11:12",69.8,85,94,86,94,90,56,95,97
"2017-11-13 11:13",69.8,73,92,83,77,83,82,75,84
"2017-11-13 11:14",69.8,85,73,89,76,83,84,94,75
"2017-11-13 11:15",73,83,76,87,80,81,80,88,72
"2017-11-13 11:16",73,99,76,78,87,83,80,97,95
"2017-11-13 11:17",73,94,77,89,79,70,69,78,91
"2017-11-13 11:18",73,65,85,87,90,80,75,77,88
"2017-11-13 11:19",73,78,89,80,103,71,84,86,81
"2017-11-13 11:20",74.2,91,76,77,96,62,85,73,73
"2017-11-13 11:21",74.2,71,72,87,84,83,109,92,86
"2017-11-13 11:22",74.2,77,74,83,87,76,76,73,81
"2017-11-13 11:23",74.2,83,80,88,81,78,71,71,88
"2017-11-13 11:24",74.2,86,83,82,74,69,84,72,86
"2017-11-13 11:25",77.2,79,70,64,101,67,75,89,90
"2017-11-13 11:26",77.2,79,74,69,62,80,84,85,69
"2017-11-13 11:27",77.2,96,83,82,67,70,84,90,85
"2017-11-13 11:28",77.2,75,94,91,79,73,78,70,76
"2017-11-13 11:29",77.2,81,92,85,78,91,103,65,69
"2017-11-13 11:30",58.8,70,87,84,82,101,84,75,87
"2017-11-13 11:31",58.8,74,71,85,85,99,86,87,88
"2017-11-13 11:32",58.8,64,62,69,81,83,75,65,87
"2017-11-13 11:33",58.8,77,89,63,84,73,85,72,91
"2017-11-13 11:34",58.8,78,71,87,76,97,90,86,83
"2017-11-13 11:35",81.6,78,79,78,88,82,81,92,89
"2017-11-13 11:36",81.6,76,78,77,85,75,70,103,94
"2017-11-13 11:37",81.6,87,81,93,80,93,79,82,78
"2017-11-13 11:38",81.6,112,106,84,98,102,84,95,115
"2017-11-13 11:39",81.6,71,89,92,84,88,80,91,84
"2017-11-13 11:40",76.4,83,72,93,100,92,73,92,90
"2017-11-13 11:41",76.4,82,90,70,83,87,74,79,94
"2017-11-13 11:42",76.4,81,91,98,82,87,94,95,79
"2017-11-13 11:43",76.4,88,74,77,102,96,84,85,81
"2017-11-13 11:44",76.4,85,85,89,102,90,79,84,103
"2017-11-13 11:45",81.4,89,87,88,91,93,66,80,71
"2017-11-13 11:46",81.4,80,82,93,70,100,75,100,99
"2017-11-13 11:47",81.4,88,81,82,74,86,85,94,83
"2017-11-13 11:48",81.4,77,80,97,76,78,78,81,81
"2017-11-13 11:49",81.4,68,92,84,91,86,82,95,94
"2017-11-13 11:50",80.6,87,86,91,91,88,81,77,79
"2017-11-13 11:51",80.6,86,82,85,90,95,83,87,81
"2017-11-13 11:52",80.6,67,82,71,89,98,91,77,93
"2017-11-13 11:53",80.6,74,86,68,98,96,99,75,83
"2017-11-13 11:54",80.6,92,70,90,81,87,74,90,72
"2017-11-13 11:55",68.4,87,65,100,75,84,93,85,89
"2017-11-13 11:56",68.4,68,61,93,72,84,76,89,72
"2017-11-13 11:57",68.4,82,82,80,73,74,83,87,100
"2017-11-13 11:58",68.4,77,78,89,90,68,87,89,81
"2017-11-13 11:59",68.4,71,78,85,100,96,68,75,100
"2017-11-13 12:00",67.2,79,88,62,70,102,81,67,91
"2017-11-13 12:01",67.2,99,74,84,81,80,71,86,71
"2017-11-13 12:02",67.2,79,97,81,69,75,85,75,87
"2017-11-13 12:03",67.2,67,72,81,72,82,108,73,77
"2017-11-13 12:04",67.2,74,75,74,83,93,69,87,71
"2017-11-13 12:05",62.8,82,64,84,80,97,96,107,81
"2017-11-13 12:06",62.8,87,90,83,92,80,97,93,76
"2017-11-13 12:07",62.8,83,67,103,82,91,94,84,76
"2017-11-13 12:08",62.8,95,95,91,82,77,89,100,90
"2017-11-13 12:09",62.8,72,86,97,81,84,64,86,81
"2017-11-13 12:10",68.4,79,74,76,79,77,91,77,82
"2017-11-13 12:11",68.4,87,73,92,73,68,74,88,91
"2017-11-13 12:12",68.4,79,82,87,80,70,74,96,89
"2017-11-13 12:13",68.4,78,87,107,83,82,79,87,74
"2017-11-13 12:14",68.4,80,87,102,88,79,94,78,88
"2017-11-13 12:15",80.4,83,93,81,81,75,106,81,92
"2017-11-13 12:16",80.4,87,83,95,82,93,105,90,75
"2017-11-13 12:17",80.4,83,80,83,77,77,85,92,106
"2017-11-13 12:18",80.4,77,81,74,80,81,91,68,95
"2017-11-13 12:19",80.4,93,100,75,101,103,89,95,79
"2017-11-13 12:20",85.2,100,78,84,91,85,98,78,82
"2017-11-13 12:21",85.2,102,89,103,84,97,85,89,87
"2017-11-13 12:22",85.2,88,76,106,84,98,81,89,84
"2017-11-13 12:23",85.2,93,90,94,100,86,92,93,78
"2017-11-13 12:24",85.2,80,64,85,85,96,88,62,105
"2017-11-13 12:25",71.4,90,82,83,87,84,92,94,68
"2017-11-13 12:26",71.4,100,86,96,94,84,90,82,106
"2017-11-13 12:27",71.4,107,75,85,80,81,98,103,102
"2017-11-13 12:28",71.4,70,76,86,89,103,92,93,89
"2017-11-13 12:29",71.4,90,99,78,78,94,93,87,111
"2017-11-13 12:30",70.6,91,93,80,82,89,99,87,94
"2017-11-13 12:31",70.6,84,80,87,76,95,105,96,90
"2017-11-13 12:32",70.6,92,80,87,80,92,76,71,89
"2017-11-13 12:33",70.6,94,88,80,99,83,82,68,99
"2017-11-13 12:34",70.6,86,80,98,82,91,81,99,91
"2017-11-13 12:35",88.6,82,83,86,94,74,87,77,77
"2017-11-13 12:36",88.6,93,78,82,76,85,80,85,76
"2017-11-13 12:37",88.6,80,87,80,81,82,91,91,80
"2017-11-13 12:38",88.6,91,83,83,88,86,95,80,76
"2017-11-13 12:39",88.6,74,86,88,81,90,107,92,99
"2017-11-13 12:40",79,69,85,86,83,91,83,89,101
"2017-11-13 12:41",79,90,87,91,89,83,85,94,83
"2017-11-13 12:42",79,86,85,84,95,84,88,96,77
"2017-11-13 12:43",79,83,76,87,84,77,86,79,94
"2017-11-13 12:44",79,83,76,64,87,76,80,89,100
"2017-11-13 12:45",87.4,81,86,95,93,68,71,86,94
"2017-11-13 12:46",87.4,86,82,86,94,65,95,68,75
"2017-11-13 12:47",87.4,76,78,82,87,70,71,78,99
"2017-11-13 12:48",87.4,98,86,95,84,84,80,92,95
"2017-11-13 12:49",87.4,84,100,94,84,107,74,112,82
"2017-11-13 12:50",86.6,73,96,93,84,78,88,70,93
"2017-11-13 12:51",86.6,75,84,88,88,97,99,74,76
"2017-11-13 12:52",86.6,88,96,101,89,93,99,98,80
"2017-11-13 12:53",86.6,96,83,84,86,72,79,89,89
"2017-11-13 12:54",86.6,86,74,100,76,83,103,102,66
"2017-11-13 12:55",67.4,81,92,76,80,98,74,105,80
"2017-11-13 12:56",67.4,88,77,90,108,79,80,96,84
"2017-11-13 12:57",67.4,87,88,91,74,105,81,105,79
"2017-11-13 12:58",67.4,71,72,88,82,80,80,88,84
"2017-11-13 12:59",67.4,93,94,96,101,72,80,109,87
"2017-11-13 13:00",58.4,110,73,82,81,73,96,76,83
"2017-11-13 13:01",58.4,75,99,83,81,76,87,80,87
"2017-11-13 13:02",58.4,101,88,83,66,87,77,98,80
"2017-11-13 13:03",58.4,66,85,81,72,70,72,86,107
"2017-11-13 13:04",58.4,90,87,80,73,75,70,82,92
"2017-11-13 13:05",77.8,87,92,72,95,71,73,78,99
"2017-11-13 13:06",77.8,72,87,76,78,79,97,81,90
"2017-11-13 13:07",77.8,75,84,90,96,79,95,84,83
"2017-11-13 13:08",77.8,83,92,79,83,90,102,84,78
"2017-11-13 13:09",77.8,87,83,64,83,84,93,106,91
"2017-11-13 13:10",75.2,82,70,80,97,101,96,68,94
"2017-11-13 13:11",75.2,83,76,89,89,89,90,75,95
"2017-11-13 13:12",75.2,77,87,87,83,68,92,76,72
"2017-11-13 13:13",75.2,90,95,67,87,80,79,80,80
"2017-11-13 13:14",75.2,85,87,88,83,77,76,83,75
"2017-11-13 13:15",73,66,84,92,93,99,79,82,88
"2017-11-13 13:16",73,89,69,100,95,97,90,94,93
"2017-11-13 13:17",73,101,102,74,75,85,88,91,78
"2017-11-13 13:18",73,89,73,95,97,82,77,87,94
"2017-11-13 13:19",73,83,92,108,79,80,100,83,105
"2017-11-13 13:20",81.8,94,95,91,90,95,91,90,83
"2017-11-13 13:21",81.8,94,79,81,83,98,99,90,93
"2017-11-13 13:22",81.8,82,87,82,74,76,86,91,103
"2017-11-13 13:23",81.8,83,96,89,71,86,86,100,83
"2017-11-13 13:24",81.8,105,91,94,69,105,87,94,86
"2017-11-13 13:25",79,78,88,103,88,75,99,86,82
"2017-11-13 13:26",79,85,86,79,85,67,89,78,76
"2017-11-13 13:27",79,97,90,83,85,90,84,88,89
"2017-11-13 13:28",79,92,85,95,101,79,72,73,65
"2017-11-13 13:29",79,94,93,94,81,99,84,86,113
"2017-11-13 13:30",80,82,88,72,96,91,90,87,94
"2017-11-13 13:31",80,85,80,89,91,70,79,76,70
"2017-11-13 13:32",80,78,80,94,79,93,78,84,92
"2017-11-13 13:33",80,87,80,84,87,86,95,81,79
"2017-11-13 13:34",80,71,97,75,88,74,75,89,79
"2017-11-13 13:35",79,73,67,82,75,105,73,72,85
"2017-11-13 13:36",79,88,84,78,81,80,77,77,76
"2017-11-13 13:37",79,91,76,75,92,81,65,88,83
"2017-11-13 13:38",79,60,81,71,90,82,71,83,92
"2017-11-13 13:39",79,83,87,88,88,64,81,73,79
"2017-11-13 13:40",87.4,71,78,91,75,83,93,77,88
"2017-11-13 13:41",87.4,74,72,87,74,84,68,81,82
"2017-11-13 13:42",87.4,81,74,75,79,80,76,80,90
"2017-11-13 13:43",87.4,79,79,64,82,81,78,77,98
"2017-11-13 13:44",87.4,72,73,80,81,84,75,81,82
"2017-11-13 13:45",88.2,84,72,90,90,81,79,92,73
"2017-11-13 13:46",88.2,78,92,88,76,89,95,76,83
"2017-11-13 13:47",88.2,91,85,87,80,90,89,82,80
"2017-11-13 13:48",88.2,103,86,80,70,97,101,108,67
"2017-11-13 13:49",88.2,86,90,92,90,85,98,97,91
"2017-11-13 13:50",90,79,81,84,92,81,99,90,77
"2017-11-13 13:51",90,96,65,69,100,79,83,81,78
"2017-11-13 13:52",90,92,91,95,90,86,87,82,85
"2017-11-13 13:53",90,98,90,76,92,75,94,86,104
"2017-11-13 13:54",90,87,94,84,114,96,87,70,86
"2017-11-13 13:55",82.8,92,79,101,78,95,95,100,91
"2017-11-13 13:56",82.8,93,82,81,92,89,83,108,93
"2017-11-13 13:57",82.8,77,94,91,92,104,93,82,94
"2017-11-13 13:58",82.8,106,88,95,89,86,93,97,90
"2017-11-13 13:59",82.8,81,83,93,115,96,102,78,83
"2017-11-13 14:00",81.6,88,90,88,81,79,89,82,76
"2017-11-13 14:01",81.6,76,87,75,97,97,87,82,98
"2017-11-13 14:02",81.6,94,94,92,92,82,106,90,99
"2017-11-13 14:03",81.6,102,100,113,87,88,96,124,105
"2017-11-13 14:04",81.6,107,68,69,90,89,113,93,102
"2017-11-13 14:05",80.6,101,91,88,87,101,86,93,80
"2017-11-13 14:06",80.6,77,86,85,72,84,83,80,105
"2017-11-13 14:07",80.6,89,96,70,92,77,81,87,80
"2017-11-13 14:08",80.6,88,82,82,103,97,84,78,102
"2017-11-13 14:09",80.6,93,79,91,76,103,82,75,87
"2017-11-13 14:10",64.6,86,90,100,101,93,77,82,87
"2017-11-13 14:11",64.6,111,77,102,87,87,89,91,96
"2017-11-13 14:12",64.6,105,91,79,89,86,94,85,80
"2017-11-13 14:13",64.6,104,88,83,82,87,87,100,88
"2017-11-13 14:14",64.6,81,94,87,94,97,89,70,91
"2017-11-13 14:15",88.2,79,92,90,100,76,88,78,84
"2017-11-13 14:16",88.2,83,94,91,94,83,88,75,98
"2017-11-13 14:17",88.2,78,80,74,65,77,79,92,64
"2017-11-13 14:18",88.2,81,89,95,87,81,76,108,103
"2017-11-13 14:19",88.2,98,90,95,89,98,87,90,82
"2017-11-13 14:20",87.4,82,87,90,75,87,97,84,99
"2017-11-13 14:21",87.4,97,94,113,96,83,97,104,100
"2017-11-13 14:22",87.4,94,86,87,106,89,97,101,105
"2017-11-13 14:23",87.4,79,87,96,97,90,92,95,68
"2017-11-13 14:24",87.4,109,79,84,95,89,102,95,83
"2017-11-13 14:25",86.8,90,90,85,80,70,95,95,87
"2017-11-13 14:26",86.8,78,100,85,87,63,98,102,89
"2017-11-13 14:27",86.8,103,88,95,92,82,84,88,91
"2017-11-13 14:28",86.8,91,91,80,84,94,98,89,70
"2017-11-13 14:29",86.8,77,80,91,87,95,85,86,80
"2017-11-13 14:30",85.2,96,98,88,79,86,94,86,107
"2017-11-13 14:31",85.2,93,76,84,104,86,95,101,88
"2017-11-13 14:32",85.2,98,95,80,88,89,110,88,80
"2017-11-13 14:33",85.2,98,85,93,108,88,91,93,82
"2017-11-13 14:34",85.2,91,86,103,99,88,91,92,90
"2017-11-13 14:35",106.2,96,86,88,89,98,92,87,86
"2017-11-13 14:36",106.2,87,89,105,85,79,91,85,99
"2017-11-13 14:37",106.2,80,96,100,95,105,84,111,92
"2017-11-13 14:38",106.2,96,94,112,95,86,88,106,97
"2017-11-13 14:39",106.2,75,78,108,87,107,92,113,86
"2017-11-13 14:40",101.8,86,80,94,84,106,88,80,105
"2017-11-13 14:41",101.8,87,89,95,103,111,87,78,77
"2017-11-13 14:42",101.8,84,86,84,84,93,96,88,93
"2017-11-13 14:43",101.8,87,89,87,90,103,91,106,92
"2017-11-13 14:44",101.8,95,95,107,99,103,82,95,87
"2017-11-13 14:45",98.2,103,87,98,115,96,90,86,80
"2017-11-13 14:46",98.2,105,87,98,91,92,90,106,99
"2017-11-13 14:47",98.2,104,93,83,83,94,81,97,90
"2017-11-13 14:48",98.2,100,102,88,95,96,93,111,104
"2017-11-13 14:49",98.2,85,102,81,84,86,105,100,88
"2017-11-13 14:50",101.4,94,95,103,89,91,84,101,83
"2017-11-13 14:51",101.4,105,108,109,86,98,87,88,101
"2017-11-13 14:52",101.4,85,96,73,96,98,116,86,109
"2017-11-13 14:53",101.4,84,109,93,84,96,98,100,95
"2017-11-13 14:54",101.4,93,114,96,95,83,106,105,90
"2017-11-13 14:55",91.4,108,114,119,105,99,108,97,95
"2017-11-13 14:56",91.4,89,115,104,105,116,78,107,107
"2017-11-13 14:57",91.4,96,108,102,113,108,90,92,101
"2017-11-13 14:58",91.4,87,90,109,123,105,109,98,96
"2017-11-13 14:59",91.4,84,96,90,107,104,108,106,92
"2017-11-13 15:00",104.8,98,100,106,107,107,110,89,96
"2017-11-13 15:01",104.8,87,118,111,91,110,112,90,98
"2017-11-13 15:02",104.8,85,102,76,92,113,111,100,89
"2017-11-13 15:03",104.8,84,110,94,81,86,80,84,104
"2017-11-13 15:04",104.8,119,103,101,100,83,88,115,109
"2017-11-13 15:05",107.6,109,96,91,84,84,85,100,101
"2017-11-13 15:06",107.6,111,81,100,97,98,97,104,100
"2017-11-13 15:07",107.6,112,96,106,98,113,103,96,93
"2017-11-13 15:08",107.6,109,120,73,112,96,110,86,98
"2017-11-13 15:09",107.6,89,97,97,103,85,110,87,108
"2017-11-13 15:10",119.4,114,97,100,105,109,97,86,102
"2017-11-13 15:11",119.4,93,118,95,109,98,95,98,100
"2017-11-13 15:12",119.4,103,94,89,99,77,110,106,110
"2017-11-13 15:13",119.4,97,102,86,115,102,95,94,98
"2017-11-13 15:14",119.4,87,92,82,112,94,89,102,84
"2017-11-13 15:15",124.6,95,113,87,105,111,99,118,99
"2017-11-13 15:16",124.6,83,105,110,103,101,94,115,83
"2017-11-13 15:17",124.6,102,126,87,82,87,88,106,98
"2017-11-13 15:18",124.6,112,104,78,100,97,111,85,88
"2017-11-13 15:19",124.6,101,101,108,105,101,106,83,75
"2017-11-13 15:20",122.6,95,110,111,97,112,107,99,100
"2017-11-13 15:21",122.6,110,91,113,101,113,112,112,119
"2017-11-13 15:22",122.6,120,90,100,95,103,114,121,114
"2017-11-13 15:23",122.6,117,91,104,108,94,108,102,89
"2017-11-13 15:24",122.6,108,101,115,101,102,107,96,105
"2017-11-13 15:25",108,110,111,119,109,95,124,114,117
"2017-11-13 15:26",108,105,110,107,98,99,119,126,110
"2017-11-13 15:27",108,123,119,121,113,99,118,114,107
"2017-11-13 15:28",108,108,105,111,95,103,128,121,109
"2017-11-13 15:29",108,109,96,104,104,108,116,124,113
"2017-11-13 15:30",113.6,125,99,115,107,125,109,128,120
"2017-11-13 15:31",113.6,113,102,125,117,107,100,116,132
"2017-11-13 15:32",113.6,116,103,104,116,112,115,106,103
"2017-11-13 15:33",113.6,108,116,99,101,117,112,98,106
"2017-11-13 15:34",113.6,91,113,106,113,122,110,109,96
"2017-11-13 15:35",132.8,113,128,116,119,123,105,118,105
"2017-11-13 15:36",132.8,112,120,123,136,137,122,114,95
"2017-11-13 15:37",132.8,108,110,120,116,114,115,119,94
"2017-11-13 15:38",132.8,107,123,124,118,97,114,125,111
"2017-11-13 15:39",132.8,121,121,124,124,105,118,108,109
"2017-11-13 15:40",134.2,121,131,120,129,128,116,96,109
"2017-11-13 15:41",134.2,133,118,115,124,101,110,107,108
"2017-11-13 15:42",134.2,107,114,116,114,91,98,90,107
"2017-11-13 15:43",134.2,119,92,116,106,119,112,113,102
"2017-11-13 15:44",134.2,108,104,122,108,113,109,105,100
"2017-11-13 15:45",142.6,123,110,115,108,121,91,109,105
"2017-11-13 15:46",142.6,110,120,99,113,116,108,105,106
"2017-11-13 15:47",142.6,108,112,101,106,111,113,115,98
"2017-11-13 15:48",142.6,109,104,99,120,117,115,119,106
"2017-11-13 15:49",142.6,116,117,123,97,103,108,126,112
"2017-11-13 15:50",126.4,101,114,108,87,107,99,127,115
"2017-11-13 15:51",126.4,108,120,121,98,113,112,130,118
"2017-11-13 15:52",126.4,108,116,116,113,109,121,125,120
"2017-11-13 15:53",126.4,114,134,110,124,111,123,128,115
"2017-11-13 15:54",126.4,105,127,107,123,105,135,134,111
"2017-11-13 15:55",117.2,111,108,131,113,106,132,108,113
"2017-11-13 15:56",117.2,93,109,116,117,114,130,115,107
"2017-11-13 15:57",117.2,114,110,126,117,128,134,113,112
"2017-11-13 15:58",117.2,111,113,108,124,126,127,116,112
"2017-11-13 15:59",117.2,107,114,109,124,124,124,130,120
"2017-11-13 16:00",89,117,111,98,119,124,117,128,124
"2017-11-13 16:01",89,114,112,114,120,121,104,118,129
"2017-11-13 16:02",89,121,105,118,112,116,116,126,122
"2017-11-13 16:03",89,130,112,124,113,126,117,124,125
"2017-11-13 16:04",89,129,116,123,118,114,113,116,125
"2017-11-13 16:05",129.4,126,120,131,122,121,122,131,125
"2017-11-13 16:06",129.4,128,133,124,111,119,77,129,127
"2017-11-13 16:07",129.4,122,133,132,117,126,99,118,126
"2017-11-13 16:08",129.4,120,121,114,122,120,106,129,128
"2017-11-13 16:09",129.4,100,112,118,115,119,100,125,123
"2017-11-13 16:10",129,122,130,118,109,96,121,123,119
"2017-11-13 16:11",129,121,118,121,116,101,126,122,112
"2017-11-13 16:12",129,127,120,111,122,106,121,129,110
"2017-11-13 16:13",129,110,113,126,127,116,121,128,110
"2017-11-13 16:14",129,120,121,128,120,106,92,121,121
"2017-11-13 16:15",117.2,118,134,120,123,113,96,122,122
"2017-11-13 16:16",117.2,112,122,119,102,119,107,117,111
"2017-11-13 16:17",117.2,113,127,117,94,128,106,115,111
"2017-11-13 16:18",117.2,113,113,113,94,123,111,96,120
"2017-11-13 16:19",117.2,122,121,122,115,128,116,114,115
"2017-11-13 16:20",107,122,129,122,123,123,114,116,114
"2017-11-13 16:21",107,119,124,117,113,135,105,120,119
"2017-11-13 16:22",107,128,121,106,117,128,114,114,118
"2017-11-13 16:23",107,112,127,116,103,133,124,128,137
"2017-11-13 16:24",107,118,112,123,116,124,130,130,124
"2017-11-13 16:25",112.2,119,122,118,129,120,125,122,90
"2017-11-13 16:26",112.2,109,117,119,120,119,136,124,108
"2017-11-13 16:27",112.2,96,106,129,124,116,131,110,108
"2017-11-13 16:28",112.2,114,119,114,123,118,123,127,115
"2017-11-13 16:29",112.2,114,121,112,133,120,117,114,123
"2017-11-13 16:30",111,113,125,114,124,133,126,113,110
"2017-11-13 16:31",111,120,128,123,132,125,119,118,123
"2017-11-13 16:32",111,123,129,118,128,119,127,119,111
"2017-11-13 16:33",111,125,128,134,119,130,121,120,122
"2017-11-13 16:34",111,119,122,127,121,137,119,131,113
"2017-11-13 16:35",112.4,124,123,138,103,129,120,120,127
"2017-11-13 16:36",112.4,121,123,129,118,124,126,127,119
"2017-11-13 16:37",112.4,108,130,129,115,132,129,110,116
"2017-11-13 16:38",112.4,117,128,116,120,120,128,127,122
"2017-11-13 16:39",112.4,123,115,132,131,119,132,134,126
"2017-11-13 16:40",122.6,129,126,120,126,122,132,128,108
"2017-11-13 16:41",122.6,112,132,117,126,133,107,130,113
"2017-11-13 16:42",122.6,114,133,114,127,118,112,132,120
"2017-11-13 16:43",122.6,129,134,129,126,121,119,105,115
"2017-11-13 16:44",122.6,110,127,126,113,131,119,107,115
"2017-11-13 16:45",116.4,111,126,113,119,118,115,118,109
"2017-11-13 16:46",116.4,121,141,112,107,121,121,116,106
"2017-11-13 16:47",116.4,128,100,114,117,111,112,110,123
"2017-11-13 16:48",116.4,119,86,118,111,123,100,113,109
"2017-11-13 16:49",116.4,123,81,126,114,112,105,106,126
"2017-11-13 16:50",106.2,125,101,120,110,95,111,101,106
"2017-11-13 16:51",106.2,117,96,128,111,91,113,107,87
"2017-11-13 16:52",106.2,126,112,125,105,98,104,111,137
"2017-11-13 16:53",106.2,108,105,107,102,92,109,91,112
"2017-11-13 16:54",106.2,121,115,97,98,112,118,88,76
"2017-11-13 16:55",114.8,115,99,114,100,110,81,120,95
"2017-11-13 16:56",114.8,114,114,108,106,109,86,117,116
"2017-11-13 16:57",114.8,115,115,115,116,126,94,107,113
"2017-11-13 16:58",114.8,130,114,117,117,114,71,122,105
"2017-11-13 16:59",114.8,108,113,116,120,121,89,136,111
"2017-11-13 17:00",121.8,109,109,118,117,127,82,123,127
"2017-11-13 17:01",121.8,105,98,124,116,127,91,134,127
"2017-11-13 17:02",121.8,92,122,122,125,105,91,129,118
"2017-11-13 17:03",121.8,116,107,131,110,117,103,138,109
"2017-11-13 17:04",121.8,109,115,112,102,117,101,125,97
"2017-11-13 17:05",107.8,119,121,123,102,123,107,117,119
"2017-11-13 17:06",107.8,116,109,112,100,109,113,106,123
"2017-11-13 17:07",107.8,113,143,126,109,117,120,98,111
"2017-11-13 17:08",107.8,123,121,110,126,124,121,112,125
"2017-11-13 17:09",107.8,131,122,123,113,116,110,106,110
"2017-11-13 17:10",102,114,127,114,120,109,105,111,109
"2017-11-13 17:11",102,117,121,118,128,123,100,126,107
"2017-11-13 17:12",102,115,128,121,118,115,114,126,119
"2017-11-13 17:13",102,118,134,116,128,122,99,133,124
"2017-11-13 17:14",102,124,120,140,126,118,104,132,129
"2017-11-13 17:15",103.2,104,121,125,127,108,119,135,105
"2017-11-13 17:16",103.2,109,129,117,115,100,112,119,92
"2017-11-13 17:17",103.2,107,127,120,125,110,113,108,111
"2017-11-13 17:18",103.2,120,129,128,125,109,120,116,98
"2017-11-13 17:19",103.2,102,117,122,124,107,123,111,118
"2017-11-13 17:20",108,114,116,114,125,101,123,115,124
"2017-11-13 17:21",108,117,106,121,120,105,128,115,114
"2017-11-13 17:22",108,110,95,124,118,106,115,109,121
"2017-11-13 17:23",108,116,90,94,113,118,117,118,115
"2017-11-13 17:24",108,116,113,115,121,122,129,130,118
"2017-11-13 17:25",110.6,87,117,107,114,123,100,120,121
"2017-11-13 17:26",110.6,103,113,120,110,121,108,129,123
"2017-11-13 17:27",110.6,120,114,100,113,122,111,114,121
"2017-11-13 17:28",110.6,112,129,95,129,101,122,115,118
"2017-11-13 17:29",110.6,130,132,108,126,79,114,103,115
"2017-11-13 17:30",95.6,125,117,95,132,121,110,112,116
"2017-11-13 17:31",95.6,124,126,94,131,109,120,97,122
"2017-11-13 17:32",95.6,127,127,114,126,124,116,109,115
"2017-11-13 17:33",95.6,136,119,100,118,117,124,134,107
"2017-11-13 17:34",95.6,135,115,108,125,118,114,120,96
"2017-11-13 17:35",111.6,131,111,115,125,127,111,124,110
"2017-11-13 17:36",111.6,127,125,118,120,125,112,131,112
"2017-11-13 17:37",111.6,129,112,119,131,133,126,124,109
"2017-11-13 17:38",111.6,128,102,124,117,126,125,119,117
"2017-11-13 17:39",111.6,128,119,127,122,133,114,119,110
"2017-11-13 17:40",118.6,98,130,110,141,123,122,121,92
"2017-11-13 17:41",118.6,104,132,110,131,115,116,116,117
"2017-11-13 17:42",118.6,100,131,114,131,136,129,126,123
"2017-11-13 17:43",118.6,112,132,109,124,131,114,124,123
"2017-11-13 17:44",118.6,115,118,123,122,131,121,139,128
"2017-11-13 17:45",98,108,116,126,122,126,108,122,130
"2017-11-13 17:46",98,120,121,118,119,130,124,133,104
"2017-11-13 17:47",98,126,122,123,121,127,122,124,104
"2017-11-13 17:48",98,124,104,120,131,127,119,129,118
"2017-11-13 17:49",98,127,122,112,108,132,123,129,118
"2017-11-13 17:50",125.6,128,120,126,124,121,118,136,112
"2017-11-13 17:51",125.6,133,117,87,121,130,126,130,123
"2017-11-13 17:52",125.6,121,133,119,113,127,113,130,108
"2017-11-13 17:53",125.6,125,128,119,126,128,115,123,97
"2017-11-13 17:54",125.6,131,126,115,123,113,128,119,77
"2017-11-13 17:55",117.2,129,117,137,106,124,120,95,121
"2017-11-13 17:56",117.2,124,111,95,109,117,114,71,107
"2017-11-13 17:57",117.2,120,113,109,121,119,114,90,108
"2017-11-13 17:58",117.2,105,115,110,127,130,118,76,107
"2017-11-13 17:59",117.2,107,109,101,121,121,103,47,117
"2017-11-13 18:00",107,110,113,102,118,132,115,19,113
"2017-11-13 18:01",107,117,112,117,115,130,119,30,104
"2017-11-13 18:02",107,102,122,120,102,132,105,49,110
"2017-11-13 18:03",107,100,116,122,113,100,98,75,106
"2017-11-13 18:04",107,114,115,110,104,99,108,55,117
"2017-11-13 18:05",89.2,109,117,113,104,98,114,56,122
"2017-11-13 18:06",89.2,109,112,113,116,113,117,74,122
"2017-11-13 18:07",89.2,102,105,120,118,110,118,63,113
"2017-11-13 18:08",89.2,102,113,99,114,104,123,78,109
"2017-11-13 18:09",89.2,109,111,105,101,112,124,95,120
"2017-11-13 18:10",111,115,107,109,109,115,81,108,86
"2017-11-13 18:11",111,110,124,113,114,116,96,102,103
"2017-11-13 18:12",111,111,95,107,119,121,111,117,99
"2017-11-13 18:13",111,128,116,103,124,115,100,112,115
"2017-11-13 18:14",111,113,123,123,124,122,99,106,129
"2017-11-13 18:15",95.2,124,124,103,122,115,107,116,121
"2017-11-13 18:16",95.2,124,113,116,119,101,124,94,112
"2017-11-13 18:17",95.2,121,108,120,125,106,100,96,116
"2017-11-13 18:18",95.2,138,105,122,111,114,106,115,124
"2017-11-13 18:19",95.2,128,115,129,131,124,120,117,112
"2017-11-13 18:20",106.2,132,128,93,125,129,108,110,119
"2017-11-13 18:21",106.2,129,108,97,117,112,99,125,98
"2017-11-13 18:22",106.2,106,121,113,125,116,100,122,106
"2017-11-13 18:23",106.2,103,112,109,119,104,98,108,110
"2017-11-13 18:24",106.2,115,112,102,114,106,116,122,109
"2017-11-13 18:25",98,105,114,103,101,111,126,103,119
"2017-11-13 18:26",98,139,116,97,110,112,124,106,110
"2017-11-13 18:27",98,108,105,111,111,110,113,104,111
"2017-11-13 18:28",98,103,106,98,119,110,132,120,117
"2017-11-13 18:29",98,101,111,101,119,126,118,123,110
"2017-11-13 18:30",97.2,111,102,83,122,119,108,118,111
"2017-11-13 18:31",97.2,107,98,110,97,105,117,123,110
"2017-11-13 18:32",97.2,86,103,101,108,108,114,120,111
"2017-11-13 18:33",97.2,101,122,90,97,113,119,114,104
"2017-11-13 18:34",97.2,116,105,103,111,98,114,113,94
"2017-11-13 18:35",82.8,107,107,113,86,103,119,124,115
"2017-11-13 18:36",82.8,106,105,111,107,112,117,98,116
"2017-11-13 18:37",82.8,121,116,110,115,110,110,112,107
"2017-11-13 18:38",82.8,97,110,86,100,114,112,119,115
"2017-11-13 18:39",82.8,83,119,99,98,120,111,106,98
"2017-11-13 18:40",86,112,110,114,114,110,106,93,100
"2017-11-13 18:41",86,106,116,113,113,103,101,92,89
"2017-11-13 18:42",86,111,95,118,111,92,108,83,91
"2017-11-13 18:43",86,109,101,124,99,101,101,87,92
"2017-11-13 18:44",86,125,110,112,116,94,120,99,93
"2017-11-13 18:45",80.6,121,116,112,111,110,90,101,104
"2017-11-13 18:46",80.6,129,122,113,115,117,78,111,100
"2017-11-13 18:47",80.6,92,103,124,119,113,106,110,101
"2017-11-13 18:48",80.6,114,104,117,117,110,104,104,109
"2017-11-13 18:49",80.6,93,106,89,106,118,111,109,119
"2017-11-13 18:50",83.4,94,104,96,93,103,107,106,94
"2017-11-13 18:51",83.4,102,106,103,93,103,107,112,113
"2017-11-13 18:52",83.4,109,114,91,89,108,115,113,109
"2017-11-13 18:53",83.4,106,110,100,75,110,106,93,108
"2017-11-13 18:54",83.4,102,120,95,91,108,114,123,112
"2017-11-13 18:55",76,105,99,111,117,112,97,93,94
"2017-11-13 18:56",76,103,107,108,89,108,92,104,108
"2017-11-13 18:57",76,85,95,104,104,99,90,95,114
"2017-11-13 18:58",76,93,106,102,99,95,91,90,84
"2017-11-13 18:59",76,86,89,109,101,105,87,97,111
"2017-11-13 19:00",62.8,98,94,112,108,99,79,83,83
"2017-11-13 19:01",62.8,90,103,106,102,104,83,94,98
"2017-11-13 19:02",62.8,99,104,94,79,114,101,96,95
"2017-11-13 19:03",62.8,114,89,92,96,99,107,111,93
"2017-11-13 19:04",62.8,101,109,91,95,99,104,119,98
"2017-11-13 19:05",69.8,99,93,115,98,102,117,105,97
"2017-11-13 19:06",69.8,103,100,90,87,104,116,119,102
"2017-11-13 19:07",69.8,110,90,114,86,110,102,94,110
"2017-11-13 19:08",69.8,111,104,94,93,107,96,90,94
"2017-11-13 19:09",69.8,93,101,83,94,102,119,102,114
"2017-11-13 19:10",69.8,100,86,104,91,76,103,94,100
"2017-11-13 19:11",69.8,89,106,92,87,82,102,94,82
"2017-11-13 19:12",69.8,93,80,95,89,91,94,83,81
"2017-11-13 19:13",69.8,90,91,90,95,98,101,74,87
"2017-11-13 19:14",69.8,104,83,97,104,92,102,82,93
"2017-11-13 19:15",75.8,84,105,88,111,101,91,83,107
"2017-11-13 19:16",75.8,79,103,96,88,95,100,98,102
"2017-11-13 19:17",75.8,90,100,93,80,116,93,91,89
"2017-11-13 19:18",75.8,87,106,78,95,89,76,107,112
"2017-11-13 19:19",75.8,81,75,98,87,74,90,93,85
"2017-11-13 19:20",77.6,93,80,87,87,82,111,92,111
"2017-11-13 19:21",77.6,95,73,72,99,95,82,87,63
"2017-11-13 19:22",77.6,75,79,94,88,96,91,78,97
"2017-11-13 19:23",77.6,99,83,109,93,81,80,84,72
"2017-11-13 19:24",77.6,86,91,94,89,102,76,76,77
"2017-11-13 19:25",69.4,96,70,86,88,87,88,92,76
"2017-11-13 19:26",69.4,97,79,77,77,67,76,81,80
"2017-11-13 19:27",69.4,75,78,89,68,75,74,86,81
"2017-11-13 19:28",69.4,102,89,83,77,85,95,85,84
"2017-11-13 19:29",69.4,84,92,90,79,83,79,78,81
"2017-11-13 19:30",74.6,71,90,97,69,77,60,78,75
"2017-11-13 19:31",74.6,96,85,87,67,79,79,69,77
"2017-11-13 19:32",74.6,81,104,82,85,84,99,63,92
"2017-11-13 19:33",74.6,91,72,88,82,83,94,77,74
"2017-11-13 19:34",74.6,61,89,93,85,71,82,78,80
"2017-11-13 19:35",62.4,70,67,86,68,80,84,66,81
"2017-11-13 19:36",62.4,74,88,65,78,80,72,88,68
"2017-11-13 19:37",62.4,68,77,73,89,76,76,91,85
"2017-11-13 19:38",62.4,84,84,75,84,79,77,101,84
"2017-11-13 19:39",62.4,63,82,79,77,76,72,87,75
"2017-11-13 19:40",68.4,77,83,72,85,86,74,87,77
"2017-11-13 19:41",68.4,81,79,60,94,73,72,78,71
"2017-11-13 19:42",68.4,78,90,63,79,82,94,68,99
"2017-11-13 19:43",68.4,87,68,60,77,85,82,82,95
"2017-11-13 19:44",68.4,82,84,74,87,80,66,94,95
"2017-11-13 19:45",56.4,65,74,98,85,80,80,100,70
"2017-11-13 19:46",56.4,90,78,74,77,73,79,69,79
"2017-11-13 19:47",56.4,77,85,100,78,75,66,49,90
"2017-11-13 19:48",56.4,71,86,88,86,55,74,69,67
"2017-11-13 19:49",56.4,81,65,82,85,71,80,84,71
"2017-11-13 19:50",54,86,65,73,84,58,62,94,73
"2017-11-13 19:51",54,84,72,84,69,81,72,88,80
"2017-11-13 19:52",54,63,81,77,87,66,71,73,78
"2017-11-13 19:53",54,74,78,75,83,72,84,82,73
"2017-11-13 19:54",54,85,83,69,72,60,92,76,91
"2017-11-13 19:55",60.4,66,88,83,76,70,65,78,Inf
"2017-11-13 19:56",60.4,78,72,64,76,78,76,68,Inf
"2017-11-13 19:57",60.4,82,77,95,70,73,74,64,Inf
"2017-11-13 19:58",60.4,78,56,81,67,72,67,69,Inf
"2017-11-13 19:59",60.4,81,75,83,59,57,77,78,Inf
"2017-11-13 20:00",52.4,84,83,65,62,78,67,67,Inf
"2017-11-13 20:01",52.4,73,70,82,83,81,72,67,Inf
"2017-11-13 20:02",52.4,70,66,65,70,68,74,79,Inf
"2017-11-13 20:03",52.4,74,75,74,75,74,63,69,Inf
"2017-11-13 20:04",52.4,77,73,70,74,87,78,79,Inf
"2017-11-13 20:05",64.6,69,75,83,76,61,75,77,Inf
"2017-11-13 20:06",64.6,78,69,65,70,80,77,73,Inf
"2017-11-13 20:07",64.6,71,66,57,81,60,62,70,Inf
"2017-11-13 20:08",64.6,66,84,75,61,66,56,54,Inf
"2017-11-13 20:09",64.6,80,58,83,68,76,77,73,Inf
"2017-11-13 20:10",62.6,67,78,67,66,71,68,Inf,71
"2017-11-13 20:11",62.6,72,61,67,85,85,64,Inf,70
"2017-11-13 20:12",62.6,65,59,51,70,70,60,Inf,70
"2017-11-13 20:13",62.6,88,84,62,48,70,64,Inf,59
"2017-11-13 20:14",62.6,66,75,67,81,63,63,Inf,58
"2017-11-13 20:15",74.2,78,73,78,65,71,70,Inf,69
"2017-11-13 20:16",74.2,70,69,79,76,80,69,Inf,62
"2017-11-13 20:17",74.2,64,63,61,71,61,70,Inf,67
"2017-11-13 20:18",74.2,64,68,73,68,72,72,Inf,54
"2017-11-13 20:19",74.2,56,80,64,74,71,59,Inf,70
"2017-11-13 20:20",57.4,60,67,53,58,79,64,Inf,73
"2017-11-13 20:21",57.4,63,71,85,63,64,81,Inf,58
"2017-11-13 20:22",57.4,58,75,64,79,55,58,Inf,68
"2017-11-13 20:23",57.4,79,67,72,67,77,57,Inf,73
"2017-11-13 20:24",57.4,58,54,57,68,65,69,Inf,76
"2017-11-13 20:25",56.6,72,80,74,80,70,Inf,74,72
"2017-11-13 20:26",56.6,76,76,72,67,63,Inf,77,66
"2017-11-13 20:27",56.6,64,65,65,64,83,Inf,85,60
"2017-11-13 20:28",56.6,83,67,59,61,91,Inf,73,73
"2017-11-13 20:29",56.6,70,65,78,71,72,Inf,66,61
"2017-11-13 20:30",56,74,81,64,70,73,Inf,75,73
"2017-11-13 20:31",56,78,73,58,64,52,Inf,73,60
"2017-11-13 20:32",56,60,72,77,55,68,Inf,66,71
"2017-11-13 20:33",56,70,71,74,68,74,Inf,65,78
"2017-11-13 20:34",56,72,60,62,64,72,Inf,66,74
"2017-11-13 20:35",50,84,79,72,55,68,Inf,74,63
"2017-11-13 20:36",50,81,68,78,64,73,Inf,62,60
"2017-11-13 20:37",50,67,69,74,64,65,Inf,63,65
"2017-11-13 20:38",50,66,65,76,55,63,Inf,60,72
"2017-11-13 20:39",50,79,76,75,67,63,Inf,63,55
"2017-11-13 20:40",46.2,67,53,64,74,Inf,59,68,76
"2017-11-13 20:41",46.2,56,65,69,70,Inf,74,84,65
"2017-11-13 20:42",46.2,57,59,52,73,Inf,59,60,62
"2017-11-13 20:43",46.2,51,67,82,59,Inf,62,70,58
"2017-11-13 20:44",46.2,54,74,58,64,Inf,74,56,62
"2017-11-13 20:45",53,65,54,49,73,Inf,61,80,55
"2017-11-13 20:46",53,56,68,67,56,Inf,62,78,68
"2017-11-13 20:47",53,64,73,65,68,Inf,70,65,52
"2017-11-13 20:48",53,71,76,61,66,Inf,69,67,71
"2017-11-13 20:49",53,55,65,55,62,Inf,61,69,73
"2017-11-13 20:50",47.4,67,67,78,82,Inf,81,66,64
"2017-11-13 20:51",47.4,52,64,54,51,Inf,59,58,51
"2017-11-13 20:52",47.4,52,57,77,58,Inf,57,73,74
"2017-11-13 20:53",47.4,68,48,62,53,Inf,69,79,66
"2017-11-13 20:54",47.4,63,82,76,57,Inf,76,61,65
"2017-11-13 20:55",42.6,54,55,64,Inf,70,67,50,59
"2017-11-13 20:56",42.6,59,53,60,Inf,60,58,67,65
"2017-11-13 20:57",42.6,63,63,70,Inf,76,61,63,85
"2017-11-13 20:58",42.6,70,74,59,Inf,46,81,49,55
"2017-11-13 20:59",42.6,54,57,50,Inf,72,60,55,70
"2017-11-13 21:00",43.4,57,62,53,Inf,54,76,58,57
"2017-11-13 21:01",43.4,65,69,64,Inf,65,62,74,59
"2017-11-13 21:02",43.4,56,67,62,Inf,63,58,68,59
"2017-11-13 21:03",43.4,62,58,76,Inf,61,61,66,70
"2017-11-13 21:04",43.4,57,78,71,Inf,78,61,53,67
"2017-11-13 21:05",45.4,61,63,74,Inf,63,61,65,77
"2017-11-13 21:06",45.4,64,62,59,Inf,64,63,59,57
"2017-11-13 21:07",45.4,60,70,67,Inf,48,67,63,59
"2017-11-13 21:08",45.4,54,57,49,Inf,49,61,78,60
"2017-11-13 21:09",45.4,69,56,67,Inf,68,59,50,49
"2017-11-13 21:10",48.8,64,57,Inf,68,46,64,63,57
"2017-11-13 21:11",48.8,67,66,Inf,66,57,69,58,66
"2017-11-13 21:12",48.8,60,49,Inf,60,71,55,53,50
"2017-11-13 21:13",48.8,55,69,Inf,68,67,62,76,54
"2017-11-13 21:14",48.8,65,57,Inf,69,50,56,64,55
"2017-11-13 21:15",48.2,62,59,Inf,67,67,66,62,56
"2017-11-13 21:16",48.2,58,69,Inf,57,57,65,78,73
"2017-11-13 21:17",48.2,59,47,Inf,55,48,57,58,85
"2017-11-13 21:18",48.2,65,56,Inf,62,64,60,69,57
"2017-11-13 21:19",48.2,62,64,Inf,64,64,61,77,71
"2017-11-13 21:20",44.2,50,50,Inf,59,73,54,57,75
"2017-11-13 21:21",44.2,49,64,Inf,50,66,71,45,62
"2017-11-13 21:22",44.2,52,61,Inf,61,60,54,60,63
"2017-11-13 21:23",44.2,46,53,Inf,60,58,63,64,45
"2017-11-13 21:24",44.2,47,54,Inf,53,64,53,55,64
"2017-11-13 21:25",45,71,Inf,54,55,60,66,65,64
"2017-11-13 21:26",45,62,Inf,60,56,60,68,54,62
"2017-11-13 21:27",45,56,Inf,47,51,65,57,44,48
"2017-11-13 21:28",45,56,Inf,57,57,55,67,48,55
"2017-11-13 21:29",45,49,Inf,58,53,65,53,68,58
"2017-11-13 21:30",42,66,Inf,59,66,44,63,68,52
"2017-11-13 21:31",42,57,Inf,55,51,73,64,47,55
"2017-11-13 21:32",42,63,Inf,56,53,61,57,46,57
"2017-11-13 21:33",42,65,Inf,51,43,67,48,44,62
"2017-11-13 21:34",42,57,Inf,60,58,65,57,63,68
"2017-11-13 21:35",39.2,63,Inf,59,60,60,61,62,55
"2017-11-13 21:36",39.2,52,Inf,55,62,52,74,55,70
"2017-11-13 21:37",39.2,52,Inf,60,61,51,50,44,65
"2017-11-13 21:38",39.2,47,Inf,61,39,62,49,51,65
"2017-11-13 21:39",39.2,53,Inf,57,54,54,50,43,62
"2017-11-13 21:40",35,Inf,67,56,51,52,64,50,64
"2017-11-13 21:41",35,Inf,52,53,49,58,52,57,61
"2017-11-13 21:42",35,Inf,52,52,54,56,57,65,65
"2017-11-13 21:43",35,Inf,54,66,49,72,53,43,51
"2017-11-13 21:44",35,Inf,56,54,56,61,51,40,51
"2017-11-13 21:45",36.6,Inf,64,52,60,55,60,59,65
"2017-11-13 21:46",36.6,Inf,57,59,48,59,57,51,53
"2017-11-13 21:47",36.6,Inf,53,58,56,56,66,59,50
"2017-11-13 21:48",36.6,Inf,56,57,46,53,50,50,49
"2017-11-13 21:49",36.6,Inf,51,51,57,57,64,56,67
"2017-11-13 21:50",42,Inf,63,46,63,56,41,33,59
"2017-11-13 21:51",42,Inf,58,66,49,47,48,64,64
"2017-11-13 21:52",42,Inf,56,55,68,43,66,58,53
"2017-11-13 21:53",42,Inf,47,44,65,54,51,52,50
"2017-11-13 21:54",42,Inf,43,45,54,52,35,53,52
"2017-11-13 21:55",36.4,43,42,50,42,52,30,45,53
"2017-11-13 21:56",36.4,57,56,49,54,53,64,54,55
"2017-11-13 21:57",36.4,50,52,50,59,52,53,40,56
"2017-11-13 21:58",36.4,50,63,41,53,57,52,56,56
"2017-11-13 21:59",36.4,51,54,54,52,50,41,57,43
"2017-11-13 22:00",44.4,57,48,50,51,46,56,61,52
"2017-11-13 22:01",44.4,56,44,60,49,47,58,60,64
"2017-11-13 22:02",44.4,59,59,55,52,36,49,53,48
"2017-11-13 22:03",44.4,54,56,62,44,59,58,54,54
"2017-11-13 22:04",44.4,47,42,46,43,41,45,47,62
"2017-11-13 22:05",39,56,43,46,50,45,48,46,56
"2017-11-13 22:06",39,46,51,55,43,53,39,48,41
"2017-11-13 22:07",39,51,46,47,51,72,45,38,57
"2017-11-13 22:08",39,33,57,40,47,55,57,58,42
"2017-11-13 22:09",39,48,44,41,41,44,47,47,47
"2017-11-13 22:10",42.6,45,52,53,37,62,61,44,50
"2017-11-13 22:11",42.6,37,55,44,44,45,44,56,43
"2017-11-13 22:12",42.6,51,43,52,41,37,50,40,42
"2017-11-13 22:13",42.6,48,48,44,56,42,51,57,41
"2017-11-13 22:14",42.6,48,49,48,37,40,43,40,59
"2017-11-13 22:15",38.2,37,47,48,46,44,48,43,55
"2017-11-13 22:16",38.2,48,45,41,43,42,38,51,45
"2017-11-13 22:17",38.2,44,50,46,43,48,38,46,48
"2017-11-13 22:18",38.2,56,43,39,47,50,57,43,43
"2017-11-13 22:19",38.2,34,43,47,50,32,44,48,36
"2017-11-13 22:20",33.2,47,47,44,40,41,44,39,44
"2017-11-13 22:21",33.2,55,36,47,52,49,42,41,58
"2017-11-13 22:22",33.2,55,51,44,41,50,39,41,44
"2017-11-13 22:23",33.2,46,54,46,42,36,45,52,45
"2017-11-13 22:24",33.2,54,36,31,59,39,39,44,39
"2017-11-13 22:25",35,39,52,44,49,44,49,40,40
"2017-11-13 22:26",35,45,42,48,54,54,43,51,33
"2017-11-13 22:27",35,37,51,45,52,48,40,36,44
"2017-11-13 22:28",35,43,42,51,56,44,53,50,40
"2017-11-13 22:29",35,56,52,52,50,45,44,38,44
"2017-11-13 22:30",30,47,37,44,48,40,47,48,46
"2017-11-13 22:31",30,51,50,53,34,47,49,48,47
"2017-11-13 22:32",30,39,50,45,43,40,45,54,47
"2017-11-13 22:33",30,44,47,49,57,48,43,57,51
"2017-11-13 22:34",30,45,55,35,45,47,52,36,45
"2017-11-13 22:35",25.6,43,48,49,46,42,58,54,61
"2017-11-13 22:36",25.6,52,38,41,44,47,34,41,46
"2017-11-13 22:37",25.6,36,46,45,48,50,59,52,40
"2017-11-13 22:38",25.6,61,38,46,44,44,38,49,37
"2017-11-13 22:39",25.6,44,39,48,34,42,54,41,49
"2017-11-13 22:40",28.6,48,50,35,43,27,46,53,48
"2017-11-13 22:41",28.6,44,34,46,37,53,31,42,33
"2017-11-13 22:42",28.6,44,42,40,49,45,43,43,56
"2017-11-13 22:43",28.6,48,37,57,32,41,38,43,44
"2017-11-13 22:44",28.6,33,53,41,43,36,29,39,37
"2017-11-13 22:45",26.6,43,40,45,41,42,55,49,46
"2017-11-13 22:46",26.6,32,46,43,38,39,36,47,41
"2017-11-13 22:47",26.6,44,34,40,33,32,43,44,49
"2017-11-13 22:48",26.6,57,46,38,37,44,41,53,38
"2017-11-13 22:49",26.6,34,42,49,44,26,50,40,45
"2017-11-13 22:50",24.2,33,43,41,45,44,47,40,53
"2017-11-13 22:51",24.2,43,48,40,31,31,31,48,33
"2017-11-13 22:52",24.2,38,30,36,43,37,41,34,40
"2017-11-13 22:53",24.2,41,29,48,44,51,39,46,33
"2017-11-13 22:54",24.2,38,51,33,44,52,33,36,38
"2017-11-13 22:55",21,40,46,46,56,34,39,46,40
"2017-11-13 22:56",21,46,58,43,40,44,33,41,34
"2017-11-13 22:57",21,29,46,30,51,36,31,40,37
"2017-11-13 22:58",21,41,41,34,40,45,31,29,42
"2017-11-13 22:59",21,44,35,32,35,36,29,35,46
"2017-11-13 23:00",22,29,37,34,33,49,42,51,43
"2017-11-13 23:01",22,27,35,39,53,36,37,36,28
"2017-11-13 23:02",22,46,48,41,45,46,47,50,39
"2017-11-13 23:03",22,41,45,44,36,36,46,39,42
"2017-11-13 23:04",22,39,30,50,29,40,40,35,51
"2017-11-13 23:05",19.8,34,43,37,37,39,37,44,38
"2017-11-13 23:06",19.8,46,35,47,40,47,31,38,37
"2017-11-13 23:07",19.8,37,35,47,38,47,47,42,39
"2017-11-13 23:08",19.8,26,39,25,35,33,33,44,34
"2017-11-13 23:09",19.8,41,35,49,40,43,29,45,34
"2017-11-13 23:10",20.2,37,41,44,27,49,31,35,56
"2017-11-13 23:11",20.2,42,39,34,33,25,38,47,31
"2017-11-13 23:12",20.2,41,30,39,25,47,34,31,46
"2017-11-13 23:13",20.2,41,39,38,30,35,34,33,39
"2017-11-13 23:14",20.2,40,32,35,35,31,49,38,40
"2017-11-13 23:15",24.4,29,38,45,32,40,36,34,35
"2017-11-13 23:16",24.4,40,38,40,29,28,38,48,39
"2017-11-13 23:17",24.4,42,46,25,41,53,36,45,42
"2017-11-13 23:18",24.4,30,44,42,22,39,39,43,25
"2017-11-13 23:19",24.4,38,40,37,32,40,45,36,42
"2017-11-13 23:20",21.2,25,32,36,42,34,40,42,41
"2017-11-13 23:21",21.2,40,30,36,37,39,39,46,23
"2017-11-13 23:22",21.2,40,37,34,35,37,40,29,41
"2017-11-13 23:23",21.2,40,32,47,36,31,32,36,36
"2017-11-13 23:24",21.2,25,21,36,28,39,28,27,31
"2017-11-13 23:25",19.4,37,27,43,51,35,28,46,41
"2017-11-13 23:26",19.4,31,45,40,40,28,38,39,36
"2017-11-13 23:27",19.4,35,31,24,38,48,32,37,26
"2017-11-13 23:28",19.4,34,44,34,42,31,39,28,20
"2017-11-13 23:29",19.4,23,37,35,38,42,29,35,27
"2017-11-13 23:30",12.6,32,28,34,31,38,36,39,30
"2017-11-13 23:31",12.6,30,38,32,41,34,27,30,37
"2017-11-13 23:32",12.6,31,38,24,36,29,33,43,30
"2017-11-13 23:33",12.6,36,37,44,31,40,26,31,39
"2017-11-13 23:34",12.6,37,40,38,38,31,31,31,36
"2017-11-13 23:35",18.6,23,30,25,27,40,35,30,34
"2017-11-13 23:36",18.6,36,29,36,20,34,26,32,29
"2017-11-13 23:37",18.6,32,33,28,27,26,31,30,28
"2017-11-13 23:38",18.6,31,25,39,38,29,24,31,22
"2017-11-13 23:39",18.6,35,32,38,39,32,34,39,26
"2017-11-13 23:40",17.2,43,25,38,37,25,38,30,30
"2017-11-13 23:41",17.2,35,38,31,22,29,19,34,32
"2017-11-13 23:42",17.2,33,32,34,27,32,34,29,42
"2017-11-13 23:43",17.2,34,30,31,31,35,44,40,32
"2017-11-13 23:44",17.2,38,36,25,29,33,31,29,33
"2017-11-13 23:45",15.6,36,19,19,21,30,29,33,33
"2017-11-13 23:46",15.6,27,38,31,36,26,37,25,40
"2017-11-13 23:47",15.6,35,23,26,23,28,24,30,31
"2017-11-13 23:48",15.6,30,24,27,35,29,25,24,27
"2017-11-13 23:49",15.6,31,30,32,37,29,23,23,34
"2017-11-13 23:50",15.2,28,27,41,42,36,32,35,33
"2017-11-13 23:51",15.2,26,27,27,32,28,40,34,28
"2017-11-13 23:52",15.2,22,35,41,36,32,35,30,27
"2017-11-13 23:53",15.2,28,26,28,32,31,38,33,32
"2017-11-13 23:54",15.2,41,29,25,34,26,37,35,30
"2017-11-13 23:55",12,26,23,40,21,21,24,28,22
"2017-11-13 23:56",12,34,29,30,34,28,32,37,30
"2017-11-13 23:57",12,34,30,25,30,36,34,22,34
"2017-11-13 23:58",12,33,36,30,32,25,26,38,26
"2017-11-13 23:59",12,29,37,37,28,31,29,36,26
